{"stats":{"minecraft:dropped":{"minecraft:gravel":9,"minecraft:wheat_seeds":64,"minecraft:bowl":4,"minecraft:cobblestone":46,"minecraft:lantern":1,"minecraft:leather":1,"minecraft:rail":5,"minecraft:item_frame":2,"minecraft:dirt":6,"minecraft:flower_pot":2,"minecraft:diorite":1,"backpacked:backpack":1,"minecraft:sunflower":1,"minecraft:arrow":2,"minecraft:iron_pickaxe":1,"minecraft:bone":2,"minecraft:birch_log":3,"minecraft:string":1,"minecraft:firework_rocket":2,"minecraft:lectern":1},"minecraft:killed":{"minecraft:spider":2,"minecraft:sheep":2,"minecraft:enderman":1,"minecraft:cow":2},"minecraft:custom":{"minecraft:interact_with_furnace":4,"minecraft:mob_kills":6,"minecraft:interact_with_crafting_table":4,"minecraft:open_barrel":11,"minecraft:play_one_minute":51209,"minecraft:leave_game":2,"minecraft:time_since_death":11587,"minecraft:sleep_in_bed":1,"minecraft:climb_one_cm":2441,"minecraft:time_since_rest":11611,"minecraft:sprint_one_cm":168320,"minecraft:damage_taken":1990,"minecraft:walk_one_cm":114742,"minecraft:drop":37,"minecraft:damage_dealt":1355,"minecraft:fly_one_cm":129955,"minecraft:open_chest":26,"minecraft:crouch_one_cm":1412,"minecraft:deaths":5,"minecraft:sneak_time":920,"minecraft:walk_under_water_one_cm":461,"minecraft:jump":703,"minecraft:walk_on_water_one_cm":1383,"minecraft:fall_one_cm":19533,"minecraft:inspect_dispenser":1,"minecraft:horse_one_cm":16838},"minecraft:mined":{"minecraft:dark_prismarine":1,"minecraft:red_carpet":1,"minecraft:red_wool":2,"minecraft:infested_stone_bricks":4,"minecraft:smoker":2,"minecraft:sea_lantern":1,"minecraft:brewing_stand":1,"minecraft:ladder":1,"minecraft:grass_block":4,"minecraft:blast_furnace":2,"minecraft:lectern":1,"minecraft:coal_block":2,"minecraft:tall_grass":5,"minecraft:cobblestone":4,"minecraft:diorite":7,"minecraft:red_stained_glass_pane":4,"minecraft:cauldron":2,"minecraft:warped_nylium":2,"minecraft:magma_block":4,"minecraft:furnace":6,"minecraft:birch_log":1,"minecraft:iron_ore":4,"minecraft:stripped_spruce_log":2,"treechop:chopped_log":1,"minecraft:brown_bed":2,"minecraft:grass":15,"minecraft:bookshelf":31,"minecraft:coal_ore":28,"minecraft:oak_log":1,"minecraft:gravel":9,"minecraft:sunflower":4,"minecraft:flower_pot":1,"minecraft:dirt":6,"minecraft:stone":67,"minecraft:white_wool":7,"minecraft:potted_allium":1},"minecraft:used":{"minecraft:diorite":1,"minecraft:ladder":2,"minecraft:spruce_planks":8,"minecraft:netherrack":2,"minecraft:white_wool":9,"minecraft:dirt":4,"minecraft:mutton":2,"minecraft:crafting_table":1,"minecraft:dark_prismarine":1,"minecraft:red_wool":2,"minecraft:iron_axe":69,"minecraft:bread":7,"minecraft:iron_pickaxe":172,"minecraft:rabbit_stew":3,"minecraft:red_carpet":2,"minecraft:cobblestone":27,"minecraft:furnace":1,"minecraft:birch_log":1,"alexsmobs:animal_dictionary":2,"minecraft:potato":20,"minecraft:brown_bed":1},"minecraft:crafted":{"minecraft:spruce_planks":8,"minecraft:iron_ingot":2,"backpacked:backpack":2},"minecraft:killed_by":{"minecraft:silverfish":2,"minecraft:skeleton":1,"minecraft:creeper":1,"minecraft:enderman":1},"minecraft:picked_up":{"minecraft:birch_log":4,"minecraft:crafting_table":2,"minecraft:charcoal":20,"minecraft:magma_block":8,"minecraft:wheat":44,"minecraft:allium":1,"minecraft:ladder":5,"minecraft:flower_pot":2,"minecraft:rabbit_stew":11,"minecraft:golden_leggings":1,"minecraft:leather":23,"minecraft:smoker":4,"minecraft:brown_bed":2,"minecraft:enchanted_book":4,"minecraft:golden_boots":1,"minecraft:brewing_stand":2,"minecraft:flint_and_steel":1,"minecraft:string":2,"minecraft:dirt":11,"minecraft:lantern":1,"minecraft:iron_axe":2,"minecraft:name_tag":1,"minecraft:armor_stand":4,"minecraft:item_frame":2,"minecraft:experience_bottle":3,"minecraft:red_carpet":9,"minecraft:bone":2,"minecraft:wheat_seeds":320,"minecraft:gold_nugget":8,"minecraft:beef":1,"minecraft:iron_ore":4,"minecraft:iron_pickaxe":8,"minecraft:lectern":1,"minecraft:coal_block":1,"minecraft:furnace":12,"minecraft:book":174,"minecraft:stick":4,"minecraft:red_wool":2,"minecraft:bowl":3,"minecraft:gravel":9,"minecraft:stripped_spruce_log":2,"minecraft:blast_furnace":2,"minecraft:ink_sac":4,"minecraft:diorite":4,"minecraft:golden_chestplate":2,"minecraft:prismarine_crystals":3,"alexsmobs:animal_dictionary":2,"minecraft:cauldron":4,"minecraft:dark_prismarine":1,"minecraft:firework_rocket":4,"minecraft:arrow":2,"minecraft:diamond":1,"minecraft:cobblestone":131,"minecraft:bread":60,"minecraft:warped_roots":1,"minecraft:coal":56,"minecraft:rail":5,"minecraft:netherrack":2,"minecraft:sunflower":5,"minecraft:mutton":2,"minecraft:white_wool":9,"minecraft:skeleton_skull":1}},"DataVersion":2586}