{"stats":{"minecraft:crafted":{"minecraft:oak_door":3,"minecraft:oak_planks":408,"minecraft:bookshelf":25,"minecraft:iron_boots":2,"minecraft:iron_axe":4,"minecraft:ladder":93,"minecraft:chest":2,"backpacked:backpack":2,"minecraft:oak_fence":24,"minecraft:spruce_planks":428,"minecraft:iron_helmet":2,"minecraft:iron_sword":5,"minecraft:spruce_door":3,"minecraft:bucket":2,"minecraft:birch_planks":116,"minecraft:oak_fence_gate":2,"minecraft:iron_chestplate":2,"minecraft:shield":4,"minecraft:stick":340,"minecraft:iron_pickaxe":2,"minecraft:iron_ingot":132,"minecraft:wooden_axe":2,"minecraft:iron_block":3,"minecraft:snow_block":6,"minecraft:iron_shovel":1,"minecraft:iron_leggings":2,"minecraft:anvil":1,"minecraft:torch":64},"minecraft:killed_by":{"minecraft:creeper":2,"minecraft:enderman":1,"minecraft:silverfish":2,"minecraft:skeleton":4,"minecraft:zombie":2,"evolved_rpg:deep_crowler":1},"minecraft:killed":{"minecraft:spider":6,"minecraft:skeleton":5,"minecraft:sheep":2,"minecraft:zombie":17,"minecraft:cow":6,"minecraft:enderman":1},"minecraft:used":{"minecraft:oak_fence":27,"minecraft:enchanting_table":1,"minecraft:iron_shovel":188,"minecraft:armor_stand":3,"minecraft:ladder":93,"minecraft:poppy":1,"minecraft:chest":3,"minecraft:spruce_planks":368,"minecraft:shield":29,"minecraft:iron_sword":302,"minecraft:netherrack":2,"minecraft:oak_door":2,"minecraft:torch":55,"minecraft:dirt":233,"minecraft:anvil":1,"minecraft:mutton":2,"minecraft:granite":1,"minecraft:snowball":11,"minecraft:oak_fence_gate":2,"minecraft:wooden_axe":120,"minecraft:bookshelf":23,"minecraft:red_wool":2,"minecraft:iron_axe":477,"minecraft:rabbit_stew":8,"minecraft:red_carpet":2,"minecraft:beef":8,"minecraft:written_book":1,"minecraft:sweet_berries":41,"minecraft:furnace":6,"minecraft:potato":20,"minecraft:brown_bed":1,"minecraft:water_bucket":1,"minecraft:diorite":1,"minecraft:spruce_door":1,"minecraft:birch_planks":118,"minecraft:polished_andesite":1,"minecraft:cartography_table":1,"minecraft:oak_planks":416,"minecraft:cauldron":3,"minecraft:white_wool":9,"minecraft:crafting_table":1,"minecraft:blast_furnace":1,"minecraft:white_bed":1,"minecraft:black_bed":1,"minecraft:spruce_log":41,"minecraft:dark_prismarine":2,"minecraft:firework_rocket":1,"minecraft:bread":52,"minecraft:iron_pickaxe":940,"minecraft:cobblestone":391,"minecraft:bucket":3,"minecraft:andesite":2,"minecraft:birch_log":1,"minecraft:ice":21,"alexsmobs:animal_dictionary":2,"minecraft:experience_bottle":3},"minecraft:broken":{"minecraft:iron_axe":2,"minecraft:iron_sword":1,"minecraft:iron_pickaxe":3,"minecraft:wooden_axe":2},"minecraft:custom":{"minecraft:interact_with_anvil":7,"minecraft:mob_kills":41,"minecraft:interact_with_crafting_table":57,"minecraft:fill_cauldron":1,"minecraft:open_barrel":12,"minecraft:damage_dealt_resisted":71,"minecraft:leave_game":3,"minecraft:time_since_death":37508,"minecraft:climb_one_cm":45298,"minecraft:sprint_one_cm":753704,"minecraft:walk_one_cm":532370,"minecraft:damage_blocked_by_shield":1460,"minecraft:drop":73,"minecraft:deaths":16,"minecraft:sneak_time":5801,"minecraft:walk_under_water_one_cm":15797,"minecraft:jump":4760,"minecraft:walk_on_water_one_cm":18017,"minecraft:interact_with_furnace":53,"minecraft:interact_with_cartography_table":4,"minecraft:play_one_minute":293856,"minecraft:sleep_in_bed":8,"minecraft:time_since_rest":4284,"minecraft:damage_taken":7948,"minecraft:damage_dealt":8571,"minecraft:fly_one_cm":811664,"minecraft:open_chest":128,"minecraft:crouch_one_cm":16041,"minecraft:fall_one_cm":136029,"minecraft:inspect_dispenser":1,"minecraft:horse_one_cm":16838},"minecraft:dropped":{"minecraft:bread":7,"minecraft:iron_sword":2,"minecraft:wheat_seeds":131,"minecraft:cobblestone":46,"minecraft:lantern":1,"minecraft:leather":1,"minecraft:rail":5,"minecraft:stick":5,"minecraft:item_frame":2,"minecraft:dirt":6,"minecraft:diorite":1,"minecraft:torch":10,"backpacked:backpack":1,"minecraft:sunflower":10,"minecraft:iron_axe":2,"minecraft:iron_pickaxe":1,"minecraft:string":1,"minecraft:birch_log":3,"minecraft:dandelion":1,"minecraft:bone":2,"minecraft:gravel":9,"minecraft:sweet_berries":4,"minecraft:bowl":7,"minecraft:experience_bottle":3,"minecraft:oak_planks":150,"minecraft:shield":1,"minecraft:flower_pot":2,"minecraft:spruce_planks":35,"minecraft:ladder":1,"minecraft:brown_bed":2,"minecraft:arrow":2,"minecraft:lectern":1,"minecraft:firework_rocket":3},"minecraft:mined":{"minecraft:dark_prismarine":4,"minecraft:red_carpet":1,"minecraft:white_bed":1,"minecraft:spruce_planks":4,"minecraft:orange_stained_glass":1,"minecraft:sea_lantern":1,"minecraft:brewing_stand":1,"minecraft:ladder":2,"minecraft:granite":24,"minecraft:grass_block":188,"minecraft:coal_block":2,"minecraft:spruce_leaves":1243,"minecraft:cartography_table":1,"minecraft:oxeye_daisy":1,"minecraft:red_stained_glass_pane":4,"minecraft:large_fern":3,"minecraft:redstone_ore":3,"minecraft:magma_block":4,"minecraft:furnace":6,"minecraft:iron_ore":138,"minecraft:andesite":14,"minecraft:stripped_spruce_log":2,"treechop:chopped_log":177,"minecraft:azure_bluet":1,"minecraft:brown_bed":2,"minecraft:bookshelf":31,"minecraft:stone":379,"minecraft:white_wool":7,"minecraft:potted_allium":1,"minecraft:red_wool":2,"minecraft:infested_stone_bricks":4,"minecraft:smoker":2,"minecraft:dandelion":1,"minecraft:spruce_door":1,"minecraft:oak_fence":5,"minecraft:torch":1,"minecraft:blast_furnace":2,"minecraft:lectern":1,"minecraft:tall_grass":9,"minecraft:cobblestone":56,"minecraft:lapis_ore":5,"minecraft:oak_planks":190,"minecraft:bricks":1,"minecraft:diorite":9,"minecraft:wall_torch":3,"minecraft:cauldron":3,"minecraft:birch_planks":8,"minecraft:warped_nylium":2,"minecraft:birch_log":32,"minecraft:sweet_berry_bush":21,"minecraft:ice":10,"minecraft:spruce_log":147,"minecraft:birch_leaves":305,"minecraft:grass":111,"minecraft:oak_log":115,"minecraft:coal_ore":140,"minecraft:sunflower":4,"minecraft:flower_pot":1,"minecraft:gravel":9,"minecraft:dirt":49,"minecraft:polished_andesite":2,"minecraft:yellow_stained_glass":1,"minecraft:oak_leaves":1272},"minecraft:picked_up":{"minecraft:wooden_axe":1,"minecraft:iron_chestplate":3,"minecraft:charcoal":67,"minecraft:crafting_table":2,"minecraft:wheat":86,"minecraft:allium":1,"minecraft:azure_bluet":5,"minecraft:ladder":7,"minecraft:flower_pot":2,"minecraft:rabbit_stew":23,"minecraft:brown_bed":4,"minecraft:enchanted_book":11,"minecraft:brewing_stand":3,"minecraft:shield":5,"minecraft:iron_leggings":2,"minecraft:string":4,"minecraft:iron_shovel":5,"minecraft:iron_axe":8,"minecraft:flint_and_steel":1,"minecraft:item_frame":2,"minecraft:armor_stand":5,"minecraft:experience_bottle":9,"minecraft:cartography_table":1,"minecraft:gold_nugget":16,"minecraft:spruce_planks":200,"minecraft:beef":10,"inventorypets:pet_enchanting_table":1,"minecraft:written_book":1,"minecraft:iron_nugget":21,"minecraft:poppy":1,"minecraft:iron_pickaxe":24,"minecraft:lectern":2,"minecraft:coal_block":1,"minecraft:chest":1,"minecraft:birch_sapling":26,"minecraft:iron_boots":2,"minecraft:furnace":17,"minecraft:stick":268,"minecraft:oak_door":5,"minecraft:oak_fence":5,"minecraft:torch":10,"minecraft:bowl":12,"minecraft:diorite":9,"minecraft:carrot":1,"minecraft:redstone":60,"minecraft:prismarine_crystals":3,"minecraft:golden_chestplate":6,"minecraft:cauldron":7,"minecraft:arrow":14,"minecraft:rotten_flesh":28,"inventorypets:pet_blaze":1,"minecraft:mutton":2,"minecraft:rail":5,"minecraft:skeleton_skull":1,"minecraft:snowball":11,"minecraft:white_wool":9,"minecraft:cobblestone":813,"minecraft:oxeye_daisy":4,"minecraft:enchanting_table":1,"minecraft:birch_log":33,"minecraft:magma_block":12,"minecraft:andesite":24,"minecraft:black_bed":1,"minecraft:leather":26,"minecraft:golden_leggings":2,"minecraft:smoker":4,"minecraft:potato":18,"minecraft:birch_planks":8,"minecraft:ice":21,"minecraft:flint":2,"inventorypets:nugget_obsidian":2,"minecraft:oak_log":103,"minecraft:golden_boots":2,"minecraft:lapis_lazuli":80,"minecraft:dirt":274,"minecraft:lantern":1,"minecraft:name_tag":13,"minecraft:red_carpet":9,"minecraft:bone":19,"minecraft:apple":3,"minecraft:wheat_seeds":529,"minecraft:iron_ingot":16,"minecraft:iron_ore":161,"minecraft:iron_sword":4,"minecraft:oak_planks":399,"minecraft:book":261,"minecraft:sweet_berries":43,"minecraft:red_wool":2,"minecraft:quartz":64,"minecraft:dandelion":1,"minecraft:gravel":9,"minecraft:stripped_spruce_log":2,"minecraft:spruce_sapling":50,"minecraft:blast_furnace":3,"minecraft:ink_sac":8,"minecraft:white_bed":4,"minecraft:spruce_log":146,"minecraft:spruce_door":4,"alexsmobs:animal_dictionary":3,"minecraft:polished_andesite":1,"minecraft:dark_prismarine":2,"minecraft:firework_rocket":10,"minecraft:diamond":2,"minecraft:iron_helmet":2,"minecraft:granite":41,"minecraft:bread":210,"minecraft:warped_roots":1,"minecraft:oak_sapling":173,"minecraft:netherrack":2,"minecraft:coal":303,"minecraft:sunflower":14}},"DataVersion":2586}