{"stats":{"minecraft:custom":{"minecraft:interact_with_crafting_table":66,"minecraft:open_barrel":18,"minecraft:bell_ring":2,"minecraft:leave_game":6,"minecraft:time_since_death":3271,"minecraft:sprint_one_cm":1001688,"minecraft:damage_blocked_by_shield":1760,"minecraft:drop":97,"minecraft:deaths":18,"minecraft:jump":5916,"minecraft:walk_on_water_one_cm":19304,"minecraft:interact_with_furnace":55,"minecraft:interact_with_cartography_table":4,"minecraft:play_one_minute":342340,"minecraft:sleep_in_bed":12,"minecraft:damage_dealt":10688,"minecraft:player_kills":5,"minecraft:crouch_one_cm":16425,"minecraft:inspect_dispenser":1,"minecraft:horse_one_cm":16838,"minecraft:mob_kills":48,"minecraft:interact_with_anvil":10,"minecraft:fill_cauldron":1,"minecraft:damage_dealt_resisted":71,"minecraft:climb_one_cm":45872,"minecraft:walk_one_cm":668050,"minecraft:sneak_time":6095,"minecraft:walk_under_water_one_cm":16005,"minecraft:time_since_rest":3292,"minecraft:damage_taken":9013,"minecraft:fly_one_cm":1076731,"minecraft:open_chest":165,"minecraft:fall_one_cm":166362},"minecraft:mined":{"minecraft:spruce_planks":7,"minecraft:white_bed":3,"minecraft:orange_stained_glass":1,"minecraft:brewing_stand":1,"minecraft:granite":24,"minecraft:grass_block":191,"minecraft:coal_block":2,"minecraft:oxeye_daisy":1,"minecraft:red_stained_glass_pane":6,"minecraft:polished_blackstone_bricks":1,"minecraft:magma_block":4,"minecraft:iron_ore":138,"minecraft:fire":3,"minecraft:brown_bed":4,"minecraft:azure_bluet":1,"minecraft:enchanting_table":1,"minecraft:smoker":2,"minecraft:cyan_glazed_terracotta":6,"minecraft:torch":1,"minecraft:blast_furnace":2,"minecraft:poppy":3,"minecraft:cobblestone":57,"minecraft:oak_planks":200,"minecraft:bricks":1,"minecraft:wall_torch":3,"minecraft:cauldron":4,"minecraft:warped_nylium":2,"minecraft:birch_log":49,"minecraft:jukebox":1,"minecraft:black_bed":1,"minecraft:yellow_glazed_terracotta":2,"minecraft:grass":123,"minecraft:oak_log":128,"minecraft:dirt":57,"minecraft:tripwire_hook":1,"minecraft:netherrack":2,"minecraft:yellow_stained_glass":1,"minecraft:oak_leaves":1420,"minecraft:purple_glazed_terracotta":2,"minecraft:dark_prismarine":4,"minecraft:red_carpet":8,"minecraft:sea_lantern":1,"minecraft:ladder":2,"minecraft:light_blue_glazed_terracotta":2,"minecraft:spruce_leaves":1243,"minecraft:cartography_table":1,"minecraft:large_fern":3,"minecraft:redstone_ore":3,"minecraft:furnace":6,"minecraft:black_glazed_terracotta":2,"minecraft:andesite":14,"minecraft:stripped_spruce_log":2,"treechop:chopped_log":194,"minecraft:white_glazed_terracotta":2,"minecraft:bookshelf":34,"minecraft:smooth_quartz_stairs":1,"minecraft:blue_glazed_terracotta":8,"minecraft:bamboo":1,"minecraft:stone":379,"minecraft:white_wool":9,"minecraft:potted_allium":1,"minecraft:red_wool":4,"minecraft:infested_stone_bricks":4,"minecraft:spruce_door":1,"minecraft:dandelion":2,"minecraft:oak_fence":9,"minecraft:lectern":1,"minecraft:tall_grass":11,"minecraft:lapis_ore":5,"minecraft:diorite":9,"minecraft:birch_planks":8,"minecraft:sweet_berry_bush":21,"minecraft:ice":10,"minecraft:spruce_log":147,"minecraft:birch_leaves":444,"minecraft:coal_ore":146,"minecraft:flower_pot":1,"minecraft:end_rod":1,"minecraft:sunflower":4,"minecraft:gravel":9,"minecraft:polished_blackstone":1,"minecraft:polished_andesite":2},"minecraft:dropped":{"minecraft:iron_sword":2,"minecraft:lantern":1,"minecraft:leather":1,"minecraft:rail":5,"minecraft:item_frame":2,"minecraft:dirt":14,"backpacked:backpack":1,"minecraft:sunflower":10,"minecraft:iron_pickaxe":1,"minecraft:birch_log":3,"minecraft:bone":8,"minecraft:gravel":9,"minecraft:oak_planks":150,"minecraft:ladder":1,"minecraft:arrow":2,"minecraft:beef":6,"minecraft:lectern":1,"minecraft:firework_rocket":3,"minecraft:bread":11,"minecraft:wheat_seeds":131,"minecraft:cobblestone":46,"minecraft:iron_helmet":3,"minecraft:stick":5,"minecraft:diorite":1,"minecraft:torch":11,"minecraft:iron_leggings":1,"minecraft:iron_axe":3,"minecraft:string":1,"minecraft:dandelion":2,"minecraft:sweet_berries":4,"minecraft:bowl":7,"minecraft:experience_bottle":3,"minecraft:iron_boots":1,"minecraft:shield":3,"minecraft:flower_pot":2,"minecraft:spruce_planks":35,"minecraft:iron_chestplate":1,"minecraft:brown_bed":2},"minecraft:picked_up":{"minecraft:wooden_axe":1,"minecraft:iron_chestplate":6,"minecraft:wheat":86,"minecraft:flower_pot":2,"minecraft:brown_bed":6,"minecraft:enchanted_book":11,"minecraft:brewing_stand":3,"minecraft:string":5,"minecraft:iron_leggings":3,"minecraft:armor_stand":5,"minecraft:experience_bottle":9,"minecraft:gold_nugget":16,"minecraft:bucket":1,"minecraft:black_glazed_terracotta":2,"minecraft:spruce_planks":203,"inventorypets:pet_enchanting_table":1,"minecraft:written_book":1,"minecraft:iron_pickaxe":27,"minecraft:coal_block":1,"minecraft:smooth_quartz_stairs":1,"minecraft:iron_boots":3,"minecraft:furnace":17,"minecraft:stick":273,"minecraft:jukebox":1,"minecraft:oak_fence":9,"minecraft:torch":33,"minecraft:diorite":14,"minecraft:golden_chestplate":6,"minecraft:cauldron":9,"minecraft:rotten_flesh":28,"minecraft:blue_glazed_terracotta":8,"minecraft:end_rod":1,"minecraft:snowball":11,"minecraft:cobblestone":814,"minecraft:enchanting_table":2,"minecraft:birch_log":50,"minecraft:magma_block":12,"minecraft:feather":1,"minecraft:andesite":24,"minecraft:black_bed":2,"minecraft:golden_leggings":2,"minecraft:smoker":4,"minecraft:potato":18,"minecraft:flint":2,"minecraft:lapis_lazuli":80,"minecraft:dirt":292,"minecraft:lantern":1,"minecraft:name_tag":27,"minecraft:bone":35,"minecraft:wheat_seeds":536,"minecraft:bamboo":8,"minecraft:oak_planks":406,"minecraft:stripped_spruce_log":2,"minecraft:ink_sac":8,"alexsmobs:animal_dictionary":4,"minecraft:dark_prismarine":2,"minecraft:polished_andesite":1,"minecraft:diamond":2,"minecraft:granite":41,"minecraft:bread":213,"minecraft:oak_sapling":174,"minecraft:netherrack":4,"minecraft:crafting_table":2,"minecraft:charcoal":72,"minecraft:allium":1,"minecraft:azure_bluet":6,"minecraft:ladder":7,"minecraft:rabbit_stew":23,"minecraft:shield":6,"minecraft:iron_axe":9,"minecraft:flint_and_steel":1,"minecraft:item_frame":2,"minecraft:iron_shovel":5,"minecraft:cartography_table":1,"minecraft:beef":17,"minecraft:iron_nugget":21,"minecraft:poppy":2,"minecraft:lectern":2,"minecraft:chest":1,"minecraft:birch_sapling":30,"minecraft:oak_door":5,"minecraft:bowl":12,"minecraft:cyan_glazed_terracotta":6,"minecraft:carrot":1,"minecraft:redstone":60,"minecraft:prismarine_crystals":3,"minecraft:arrow":15,"inventorypets:pet_blaze":1,"minecraft:mutton":2,"minecraft:white_wool":9,"minecraft:skeleton_skull":1,"minecraft:rail":5,"minecraft:oxeye_daisy":4,"minecraft:leather":26,"minecraft:birch_planks":11,"minecraft:ice":21,"inventorypets:nugget_obsidian":2,"minecraft:oak_log":113,"minecraft:yellow_glazed_terracotta":2,"minecraft:golden_boots":2,"minecraft:red_carpet":18,"minecraft:apple":3,"minecraft:iron_ingot":16,"minecraft:iron_ore":161,"minecraft:iron_sword":4,"minecraft:book":261,"minecraft:sweet_berries":43,"minecraft:red_wool":4,"minecraft:quartz":64,"minecraft:dandelion":2,"minecraft:light_blue_glazed_terracotta":1,"minecraft:gravel":9,"minecraft:lava_bucket":1,"minecraft:spruce_sapling":50,"minecraft:blast_furnace":3,"minecraft:white_bed":5,"minecraft:spruce_log":146,"minecraft:spruce_door":4,"minecraft:spider_eye":1,"minecraft:firework_rocket":10,"minecraft:purple_glazed_terracotta":2,"minecraft:iron_helmet":5,"minecraft:painting":11,"minecraft:warped_roots":1,"minecraft:coal":374,"minecraft:sunflower":15},"minecraft:killed":{"minecraft:spider":8,"minecraft:skeleton":6,"minecraft:sheep":2,"minecraft:zombie":17,"minecraft:cow":6,"alexsmobs:raccoon":2,"alexsmobs:crow":1,"minecraft:enderman":1},"minecraft:crafted":{"minecraft:oak_planks":448,"minecraft:bookshelf":25,"minecraft:iron_boots":3,"minecraft:chest":6,"minecraft:oak_fence":24,"minecraft:crafting_table":1,"minecraft:spruce_planks":428,"minecraft:iron_helmet":3,"minecraft:spruce_door":3,"minecraft:birch_planks":184,"minecraft:iron_chestplate":3,"minecraft:shield":5,"minecraft:stick":340,"minecraft:iron_pickaxe":3,"minecraft:iron_ingot":159,"minecraft:iron_block":3,"minecraft:snow_block":6,"minecraft:oak_door":3,"minecraft:iron_axe":5,"minecraft:ladder":93,"backpacked:backpack":2,"minecraft:diamond_sword":1,"minecraft:iron_sword":5,"minecraft:bucket":4,"minecraft:oak_fence_gate":2,"minecraft:wooden_axe":2,"minecraft:iron_shovel":1,"minecraft:iron_leggings":3,"minecraft:anvil":1,"minecraft:torch":64},"minecraft:broken":{"minecraft:iron_sword":1,"minecraft:wooden_axe":2,"minecraft:iron_axe":2,"minecraft:iron_pickaxe":3},"minecraft:killed_by":{"minecraft:creeper":2,"minecraft:silverfish":2,"minecraft:zombie":2,"minecraft:player":2,"minecraft:enderman":1,"minecraft:skeleton":4,"evolved_rpg:deep_crowler":1},"minecraft:used":{"minecraft:iron_shovel":188,"minecraft:poppy":1,"minecraft:ladder":93,"minecraft:chest":5,"minecraft:shield":34,"minecraft:iron_sword":348,"minecraft:rotten_flesh":15,"minecraft:mutton":2,"minecraft:snowball":11,"minecraft:lava_bucket":4,"minecraft:red_wool":2,"minecraft:rabbit_stew":8,"minecraft:red_carpet":2,"minecraft:written_book":1,"minecraft:sweet_berries":41,"minecraft:furnace":6,"minecraft:potato":20,"minecraft:diorite":1,"minecraft:spruce_door":1,"minecraft:oak_planks":464,"minecraft:white_wool":9,"minecraft:blast_furnace":1,"minecraft:black_bed":1,"minecraft:firework_rocket":1,"minecraft:bread":63,"minecraft:birch_log":1,"minecraft:andesite":2,"minecraft:ice":21,"minecraft:experience_bottle":3,"minecraft:oak_fence":29,"minecraft:enchanting_table":2,"minecraft:armor_stand":3,"minecraft:spruce_planks":371,"minecraft:netherrack":2,"minecraft:oak_door":2,"minecraft:torch":56,"minecraft:dirt":238,"minecraft:anvil":1,"minecraft:granite":1,"minecraft:oak_fence_gate":2,"minecraft:wooden_axe":120,"minecraft:bookshelf":23,"minecraft:iron_axe":610,"minecraft:beef":9,"minecraft:brown_bed":2,"minecraft:water_bucket":2,"minecraft:birch_planks":146,"minecraft:polished_andesite":1,"minecraft:cartography_table":1,"minecraft:cauldron":3,"minecraft:crafting_table":2,"minecraft:white_bed":2,"minecraft:painting":9,"minecraft:spruce_log":41,"minecraft:dark_prismarine":2,"minecraft:iron_pickaxe":984,"minecraft:cobblestone":394,"minecraft:bucket":9,"alexsmobs:animal_dictionary":2,"minecraft:jukebox":1}},"DataVersion":2586}