{"stats":{"minecraft:dropped":{"minecraft:iron_sword":1,"minecraft:wheat_seeds":128,"minecraft:cobblestone":46,"minecraft:lantern":1,"minecraft:leather":1,"minecraft:rail":5,"minecraft:item_frame":2,"minecraft:stick":5,"minecraft:dirt":6,"minecraft:diorite":1,"backpacked:backpack":1,"minecraft:sunflower":10,"minecraft:iron_axe":2,"minecraft:iron_pickaxe":1,"minecraft:string":1,"minecraft:birch_log":3,"minecraft:bone":2,"minecraft:gravel":9,"minecraft:bowl":4,"minecraft:experience_bottle":3,"minecraft:oak_planks":86,"minecraft:shield":1,"minecraft:flower_pot":2,"minecraft:ladder":1,"minecraft:brown_bed":2,"minecraft:arrow":2,"minecraft:lectern":1,"minecraft:firework_rocket":3},"minecraft:killed":{"minecraft:spider":3,"minecraft:skeleton":1,"minecraft:sheep":2,"minecraft:zombie":2,"minecraft:enderman":1,"minecraft:cow":2},"minecraft:custom":{"minecraft:mob_kills":11,"minecraft:interact_with_crafting_table":12,"minecraft:open_barrel":11,"minecraft:leave_game":2,"minecraft:time_since_death":18026,"minecraft:climb_one_cm":11376,"minecraft:sprint_one_cm":300726,"minecraft:walk_one_cm":181091,"minecraft:damage_blocked_by_shield":140,"minecraft:drop":51,"minecraft:deaths":7,"minecraft:sneak_time":1274,"minecraft:walk_under_water_one_cm":689,"minecraft:jump":1488,"minecraft:walk_on_water_one_cm":1903,"minecraft:interact_with_furnace":5,"minecraft:play_one_minute":111209,"minecraft:sleep_in_bed":1,"minecraft:time_since_rest":18066,"minecraft:damage_taken":2920,"minecraft:damage_dealt":2983,"minecraft:fly_one_cm":309709,"minecraft:open_chest":42,"minecraft:crouch_one_cm":2427,"minecraft:fall_one_cm":47133,"minecraft:horse_one_cm":16838,"minecraft:inspect_dispenser":1},"minecraft:mined":{"minecraft:dark_prismarine":1,"minecraft:red_carpet":1,"minecraft:spruce_planks":1,"minecraft:sea_lantern":1,"minecraft:brewing_stand":1,"minecraft:ladder":1,"minecraft:grass_block":6,"minecraft:coal_block":2,"minecraft:spruce_leaves":495,"minecraft:red_stained_glass_pane":4,"minecraft:magma_block":4,"minecraft:furnace":6,"minecraft:iron_ore":4,"minecraft:stripped_spruce_log":2,"treechop:chopped_log":58,"minecraft:brown_bed":2,"minecraft:bookshelf":31,"minecraft:stone":69,"minecraft:white_wool":7,"minecraft:potted_allium":1,"minecraft:red_wool":2,"minecraft:infested_stone_bricks":4,"minecraft:smoker":2,"minecraft:spruce_door":1,"minecraft:blast_furnace":2,"minecraft:lectern":1,"minecraft:tall_grass":5,"minecraft:cobblestone":4,"minecraft:oak_planks":123,"minecraft:diorite":7,"minecraft:cauldron":2,"minecraft:warped_nylium":2,"minecraft:birch_log":1,"minecraft:spruce_log":58,"minecraft:grass":28,"minecraft:oak_log":42,"minecraft:coal_ore":28,"minecraft:flower_pot":1,"minecraft:sunflower":4,"minecraft:gravel":9,"minecraft:dirt":11,"minecraft:oak_leaves":515},"minecraft:used":{"minecraft:poppy":1,"minecraft:ladder":2,"minecraft:spruce_planks":134,"minecraft:chest":2,"minecraft:shield":3,"minecraft:iron_sword":8,"minecraft:netherrack":2,"minecraft:oak_door":2,"minecraft:dirt":11,"minecraft:mutton":2,"minecraft:wooden_axe":70,"minecraft:red_wool":2,"minecraft:iron_axe":265,"minecraft:rabbit_stew":4,"minecraft:red_carpet":2,"minecraft:furnace":1,"minecraft:potato":20,"minecraft:brown_bed":1,"minecraft:diorite":1,"minecraft:spruce_door":1,"minecraft:oak_planks":54,"minecraft:white_wool":9,"minecraft:crafting_table":1,"minecraft:black_bed":1,"minecraft:spruce_log":22,"minecraft:dark_prismarine":1,"minecraft:bread":20,"minecraft:iron_pickaxe":203,"minecraft:cobblestone":29,"minecraft:birch_log":1,"alexsmobs:animal_dictionary":2},"minecraft:broken":{"minecraft:iron_axe":1,"minecraft:wooden_axe":1},"minecraft:killed_by":{"minecraft:creeper":2,"minecraft:enderman":1,"minecraft:silverfish":2,"minecraft:skeleton":1},"minecraft:crafted":{"minecraft:oak_door":3,"minecraft:oak_planks":124,"minecraft:chest":1,"backpacked:backpack":2,"minecraft:spruce_planks":152,"minecraft:spruce_door":3,"minecraft:iron_sword":2,"minecraft:shield":2,"minecraft:stick":8,"minecraft:iron_ingot":4,"minecraft:wooden_axe":2},"minecraft:picked_up":{"minecraft:charcoal":67,"minecraft:crafting_table":2,"minecraft:allium":1,"minecraft:wheat":86,"minecraft:ladder":6,"minecraft:flower_pot":2,"minecraft:rabbit_stew":18,"minecraft:brown_bed":4,"minecraft:enchanted_book":11,"minecraft:brewing_stand":3,"minecraft:shield":1,"minecraft:string":2,"minecraft:iron_axe":6,"minecraft:flint_and_steel":1,"minecraft:item_frame":2,"minecraft:armor_stand":4,"minecraft:experience_bottle":9,"minecraft:gold_nugget":16,"minecraft:spruce_planks":1,"minecraft:beef":2,"minecraft:written_book":1,"minecraft:poppy":1,"minecraft:iron_pickaxe":16,"minecraft:lectern":2,"minecraft:coal_block":1,"minecraft:chest":1,"minecraft:furnace":17,"minecraft:stick":23,"minecraft:bowl":5,"minecraft:diorite":4,"minecraft:carrot":1,"minecraft:prismarine_crystals":3,"minecraft:golden_chestplate":5,"minecraft:cauldron":6,"minecraft:rotten_flesh":1,"minecraft:arrow":2,"minecraft:mutton":2,"minecraft:skeleton_skull":1,"minecraft:white_wool":9,"minecraft:rail":5,"minecraft:cobblestone":185,"minecraft:birch_log":4,"minecraft:enchanting_table":1,"minecraft:magma_block":12,"minecraft:black_bed":1,"minecraft:leather":23,"minecraft:golden_leggings":2,"minecraft:smoker":4,"minecraft:potato":9,"minecraft:oak_log":32,"minecraft:golden_boots":2,"minecraft:dirt":18,"minecraft:lantern":1,"minecraft:name_tag":13,"minecraft:red_carpet":9,"minecraft:bone":2,"minecraft:apple":2,"minecraft:wheat_seeds":512,"minecraft:iron_ingot":6,"minecraft:iron_ore":4,"minecraft:iron_sword":1,"minecraft:oak_planks":161,"minecraft:book":261,"minecraft:red_wool":2,"minecraft:gravel":9,"minecraft:stripped_spruce_log":2,"minecraft:spruce_sapling":17,"minecraft:ink_sac":8,"minecraft:blast_furnace":3,"minecraft:spruce_log":58,"minecraft:spruce_door":1,"alexsmobs:animal_dictionary":3,"minecraft:dark_prismarine":1,"minecraft:firework_rocket":8,"minecraft:diamond":2,"minecraft:warped_roots":1,"minecraft:bread":142,"minecraft:oak_sapling":46,"minecraft:netherrack":2,"minecraft:coal":56,"minecraft:sunflower":14}},"DataVersion":2586}