{"stats":{"minecraft:custom":{"minecraft:interact_with_anvil":9,"minecraft:mob_kills":44,"minecraft:interact_with_crafting_table":57,"minecraft:open_barrel":15,"minecraft:fill_cauldron":1,"minecraft:bell_ring":2,"minecraft:damage_dealt_resisted":71,"minecraft:leave_game":4,"minecraft:time_since_death":54032,"minecraft:climb_one_cm":45776,"minecraft:sprint_one_cm":848040,"minecraft:damage_blocked_by_shield":1630,"minecraft:walk_one_cm":587030,"minecraft:drop":73,"minecraft:deaths":16,"minecraft:sneak_time":5801,"minecraft:walk_under_water_one_cm":15797,"minecraft:jump":5059,"minecraft:walk_on_water_one_cm":18017,"minecraft:interact_with_furnace":55,"minecraft:interact_with_cartography_table":4,"minecraft:play_one_minute":310380,"minecraft:sleep_in_bed":10,"minecraft:time_since_rest":1490,"minecraft:damage_taken":8070,"minecraft:damage_dealt":9197,"minecraft:fly_one_cm":880566,"minecraft:crouch_one_cm":16041,"minecraft:open_chest":146,"minecraft:fall_one_cm":142685,"minecraft:inspect_dispenser":1,"minecraft:horse_one_cm":16838},"minecraft:dropped":{"minecraft:bread":7,"minecraft:iron_sword":2,"minecraft:wheat_seeds":131,"minecraft:cobblestone":46,"minecraft:lantern":1,"minecraft:leather":1,"minecraft:rail":5,"minecraft:item_frame":2,"minecraft:stick":5,"minecraft:dirt":6,"minecraft:diorite":1,"minecraft:torch":10,"backpacked:backpack":1,"minecraft:sunflower":10,"minecraft:iron_axe":2,"minecraft:iron_pickaxe":1,"minecraft:string":1,"minecraft:birch_log":3,"minecraft:bone":2,"minecraft:dandelion":1,"minecraft:gravel":9,"minecraft:sweet_berries":4,"minecraft:bowl":7,"minecraft:experience_bottle":3,"minecraft:oak_planks":150,"minecraft:shield":1,"minecraft:flower_pot":2,"minecraft:spruce_planks":35,"minecraft:ladder":1,"minecraft:brown_bed":2,"minecraft:arrow":2,"minecraft:lectern":1,"minecraft:firework_rocket":3},"minecraft:mined":{"minecraft:purple_glazed_terracotta":2,"minecraft:dark_prismarine":4,"minecraft:red_carpet":8,"minecraft:spruce_planks":4,"minecraft:white_bed":1,"minecraft:orange_stained_glass":1,"minecraft:sea_lantern":1,"minecraft:brewing_stand":1,"minecraft:ladder":2,"minecraft:granite":24,"minecraft:grass_block":188,"minecraft:light_blue_glazed_terracotta":2,"minecraft:coal_block":2,"minecraft:spruce_leaves":1243,"minecraft:cartography_table":1,"minecraft:oxeye_daisy":1,"minecraft:red_stained_glass_pane":6,"minecraft:large_fern":3,"minecraft:polished_blackstone_bricks":1,"minecraft:redstone_ore":3,"minecraft:magma_block":4,"minecraft:furnace":6,"minecraft:black_glazed_terracotta":2,"minecraft:iron_ore":138,"minecraft:andesite":14,"minecraft:stripped_spruce_log":2,"treechop:chopped_log":180,"minecraft:azure_bluet":1,"minecraft:brown_bed":2,"minecraft:white_glazed_terracotta":2,"minecraft:bookshelf":34,"minecraft:smooth_quartz_stairs":1,"minecraft:bamboo":1,"minecraft:blue_glazed_terracotta":8,"minecraft:stone":379,"minecraft:white_wool":9,"minecraft:potted_allium":1,"minecraft:red_wool":4,"minecraft:infested_stone_bricks":4,"minecraft:smoker":2,"minecraft:dandelion":1,"minecraft:spruce_door":1,"minecraft:cyan_glazed_terracotta":6,"minecraft:oak_fence":5,"minecraft:torch":1,"minecraft:blast_furnace":2,"minecraft:lectern":1,"minecraft:tall_grass":9,"minecraft:cobblestone":56,"minecraft:lapis_ore":5,"minecraft:oak_planks":190,"minecraft:bricks":1,"minecraft:diorite":9,"minecraft:wall_torch":3,"minecraft:cauldron":3,"minecraft:birch_planks":8,"minecraft:warped_nylium":2,"minecraft:birch_log":32,"minecraft:spruce_log":147,"minecraft:sweet_berry_bush":21,"minecraft:ice":10,"minecraft:birch_leaves":305,"minecraft:jukebox":1,"minecraft:yellow_glazed_terracotta":2,"minecraft:grass":111,"minecraft:coal_ore":146,"minecraft:oak_log":120,"minecraft:end_rod":1,"minecraft:gravel":9,"minecraft:sunflower":4,"minecraft:flower_pot":1,"minecraft:dirt":49,"minecraft:tripwire_hook":1,"minecraft:polished_andesite":2,"minecraft:polished_blackstone":1,"minecraft:netherrack":2,"minecraft:yellow_stained_glass":1,"minecraft:oak_leaves":1324},"minecraft:picked_up":{"minecraft:wooden_axe":1,"minecraft:charcoal":67,"minecraft:iron_chestplate":3,"minecraft:crafting_table":2,"minecraft:wheat":86,"minecraft:allium":1,"minecraft:azure_bluet":5,"minecraft:ladder":7,"minecraft:flower_pot":2,"minecraft:rabbit_stew":23,"minecraft:brown_bed":4,"minecraft:enchanted_book":11,"minecraft:brewing_stand":3,"minecraft:shield":5,"minecraft:string":5,"minecraft:iron_axe":8,"minecraft:flint_and_steel":1,"minecraft:iron_leggings":2,"minecraft:item_frame":2,"minecraft:armor_stand":5,"minecraft:iron_shovel":5,"minecraft:experience_bottle":9,"minecraft:cartography_table":1,"minecraft:gold_nugget":16,"minecraft:black_glazed_terracotta":2,"minecraft:spruce_planks":200,"inventorypets:pet_enchanting_table":1,"minecraft:beef":10,"minecraft:written_book":1,"minecraft:iron_nugget":21,"minecraft:poppy":1,"minecraft:iron_pickaxe":24,"minecraft:lectern":2,"minecraft:coal_block":1,"minecraft:chest":1,"minecraft:birch_sapling":26,"minecraft:smooth_quartz_stairs":1,"minecraft:iron_boots":2,"minecraft:furnace":17,"minecraft:stick":269,"minecraft:jukebox":1,"minecraft:oak_door":5,"minecraft:oak_fence":5,"minecraft:torch":10,"minecraft:bowl":12,"minecraft:cyan_glazed_terracotta":6,"minecraft:diorite":9,"minecraft:carrot":1,"minecraft:redstone":60,"minecraft:golden_chestplate":6,"minecraft:prismarine_crystals":3,"minecraft:cauldron":7,"minecraft:arrow":14,"minecraft:rotten_flesh":28,"minecraft:blue_glazed_terracotta":8,"inventorypets:pet_blaze":1,"minecraft:end_rod":1,"minecraft:rail":5,"minecraft:mutton":2,"minecraft:skeleton_skull":1,"minecraft:snowball":11,"minecraft:white_wool":9,"minecraft:cobblestone":813,"minecraft:oxeye_daisy":4,"minecraft:birch_log":33,"minecraft:enchanting_table":1,"minecraft:magma_block":12,"minecraft:andesite":24,"minecraft:black_bed":1,"minecraft:leather":26,"minecraft:golden_leggings":2,"minecraft:smoker":4,"minecraft:potato":18,"minecraft:birch_planks":8,"minecraft:ice":21,"minecraft:flint":2,"inventorypets:nugget_obsidian":2,"minecraft:oak_log":108,"minecraft:yellow_glazed_terracotta":2,"minecraft:golden_boots":2,"minecraft:lapis_lazuli":80,"minecraft:dirt":274,"minecraft:lantern":1,"minecraft:name_tag":13,"minecraft:red_carpet":18,"minecraft:bone":19,"minecraft:apple":3,"minecraft:wheat_seeds":529,"minecraft:iron_ingot":16,"minecraft:iron_ore":161,"minecraft:bamboo":8,"minecraft:iron_sword":4,"minecraft:oak_planks":399,"minecraft:book":261,"minecraft:sweet_berries":43,"minecraft:red_wool":4,"minecraft:quartz":64,"minecraft:dandelion":1,"minecraft:light_blue_glazed_terracotta":1,"minecraft:gravel":9,"minecraft:stripped_spruce_log":2,"minecraft:spruce_sapling":50,"minecraft:ink_sac":8,"minecraft:blast_furnace":3,"minecraft:white_bed":4,"minecraft:spruce_log":146,"alexsmobs:animal_dictionary":3,"minecraft:spruce_door":4,"minecraft:dark_prismarine":2,"minecraft:polished_andesite":1,"minecraft:firework_rocket":10,"minecraft:diamond":2,"minecraft:purple_glazed_terracotta":2,"minecraft:iron_helmet":2,"minecraft:granite":41,"minecraft:painting":9,"minecraft:warped_roots":1,"minecraft:bread":210,"minecraft:oak_sapling":174,"minecraft:netherrack":4,"minecraft:coal":310,"minecraft:sunflower":14},"minecraft:killed":{"alexsmobs:raccoon":1,"minecraft:spider":8,"minecraft:skeleton":5,"minecraft:sheep":2,"minecraft:zombie":17,"minecraft:cow":6,"minecraft:enderman":1},"minecraft:crafted":{"minecraft:oak_door":3,"minecraft:oak_planks":428,"minecraft:bookshelf":25,"minecraft:iron_boots":2,"minecraft:iron_axe":4,"minecraft:ladder":93,"minecraft:chest":2,"backpacked:backpack":2,"minecraft:oak_fence":24,"minecraft:spruce_planks":428,"minecraft:iron_helmet":2,"minecraft:iron_sword":5,"minecraft:spruce_door":3,"minecraft:bucket":2,"minecraft:birch_planks":116,"minecraft:oak_fence_gate":2,"minecraft:iron_chestplate":2,"minecraft:shield":4,"minecraft:stick":340,"minecraft:iron_ingot":159,"minecraft:iron_pickaxe":2,"minecraft:wooden_axe":2,"minecraft:iron_block":3,"minecraft:snow_block":6,"minecraft:iron_shovel":1,"minecraft:iron_leggings":2,"minecraft:anvil":1,"minecraft:torch":64},"minecraft:broken":{"minecraft:iron_axe":2,"minecraft:iron_sword":1,"minecraft:iron_pickaxe":3,"minecraft:wooden_axe":2},"minecraft:killed_by":{"minecraft:creeper":2,"minecraft:enderman":1,"minecraft:silverfish":2,"minecraft:skeleton":4,"minecraft:zombie":2,"evolved_rpg:deep_crowler":1},"minecraft:used":{"minecraft:enchanting_table":1,"minecraft:iron_shovel":188,"minecraft:armor_stand":3,"minecraft:ladder":93,"minecraft:poppy":1,"minecraft:chest":3,"minecraft:spruce_planks":368,"minecraft:shield":31,"minecraft:iron_sword":304,"minecraft:oak_door":2,"minecraft:torch":55,"minecraft:rotten_flesh":8,"minecraft:netherrack":2,"minecraft:dirt":233,"minecraft:mutton":2,"minecraft:anvil":1,"minecraft:oak_fence_gate":2,"minecraft:snowball":11,"minecraft:granite":1,"minecraft:wooden_axe":120,"minecraft:red_wool":2,"minecraft:bookshelf":23,"minecraft:iron_axe":521,"minecraft:rabbit_stew":8,"minecraft:red_carpet":2,"minecraft:beef":8,"minecraft:written_book":1,"minecraft:sweet_berries":41,"minecraft:furnace":6,"minecraft:potato":20,"minecraft:brown_bed":1,"minecraft:water_bucket":1,"minecraft:diorite":1,"minecraft:spruce_door":1,"minecraft:birch_planks":118,"minecraft:polished_andesite":1,"minecraft:oak_planks":439,"minecraft:cartography_table":1,"minecraft:cauldron":3,"minecraft:white_wool":9,"minecraft:crafting_table":1,"minecraft:blast_furnace":1,"minecraft:white_bed":1,"minecraft:painting":9,"minecraft:black_bed":1,"minecraft:spruce_log":41,"minecraft:dark_prismarine":2,"minecraft:firework_rocket":1,"minecraft:bread":52,"minecraft:iron_pickaxe":981,"minecraft:cobblestone":393,"minecraft:andesite":2,"minecraft:bucket":3,"minecraft:birch_log":1,"minecraft:ice":21,"alexsmobs:animal_dictionary":2,"minecraft:jukebox":1,"minecraft:oak_fence":29,"minecraft:experience_bottle":3}},"DataVersion":2586}