{"stats":{"minecraft:killed_by":{"minecraft:creeper":2,"minecraft:enderman":1,"minecraft:silverfish":2,"minecraft:skeleton":1},"minecraft:picked_up":{"minecraft:charcoal":67,"minecraft:crafting_table":2,"minecraft:wheat":86,"minecraft:allium":1,"minecraft:ladder":6,"minecraft:flower_pot":2,"minecraft:rabbit_stew":18,"minecraft:brown_bed":4,"minecraft:enchanted_book":11,"minecraft:brewing_stand":3,"minecraft:shield":1,"minecraft:string":2,"minecraft:iron_axe":6,"minecraft:flint_and_steel":1,"minecraft:item_frame":2,"minecraft:armor_stand":4,"minecraft:experience_bottle":9,"minecraft:gold_nugget":16,"minecraft:spruce_planks":165,"minecraft:beef":2,"minecraft:written_book":1,"minecraft:poppy":1,"minecraft:iron_pickaxe":16,"minecraft:lectern":2,"minecraft:coal_block":1,"minecraft:chest":1,"minecraft:furnace":17,"minecraft:stick":39,"minecraft:torch":2,"minecraft:bowl":5,"minecraft:diorite":4,"minecraft:carrot":1,"minecraft:prismarine_crystals":3,"minecraft:golden_chestplate":5,"minecraft:cauldron":6,"minecraft:arrow":2,"minecraft:rotten_flesh":2,"minecraft:mutton":2,"minecraft:rail":5,"minecraft:skeleton_skull":1,"minecraft:white_wool":9,"minecraft:cobblestone":185,"minecraft:enchanting_table":1,"minecraft:birch_log":4,"minecraft:magma_block":12,"minecraft:golden_leggings":2,"minecraft:black_bed":1,"minecraft:leather":23,"minecraft:smoker":4,"minecraft:potato":9,"minecraft:flint":1,"minecraft:oak_log":42,"minecraft:golden_boots":2,"minecraft:dirt":122,"minecraft:lantern":1,"minecraft:name_tag":13,"minecraft:red_carpet":9,"minecraft:bone":3,"minecraft:apple":2,"minecraft:wheat_seeds":513,"minecraft:iron_ingot":6,"minecraft:iron_ore":4,"minecraft:iron_sword":2,"minecraft:oak_planks":399,"minecraft:book":261,"minecraft:sweet_berries":20,"minecraft:red_wool":2,"minecraft:gravel":9,"minecraft:blast_furnace":3,"minecraft:stripped_spruce_log":2,"minecraft:spruce_sapling":45,"minecraft:ink_sac":8,"minecraft:spruce_log":136,"minecraft:spruce_door":1,"alexsmobs:animal_dictionary":3,"minecraft:dark_prismarine":1,"minecraft:firework_rocket":8,"minecraft:diamond":2,"minecraft:bread":142,"minecraft:warped_roots":1,"minecraft:oak_sapling":49,"minecraft:netherrack":2,"minecraft:coal":56,"minecraft:sunflower":14},"minecraft:used":{"minecraft:enchanting_table":1,"minecraft:iron_shovel":78,"minecraft:ladder":2,"minecraft:poppy":1,"minecraft:chest":2,"minecraft:spruce_planks":258,"minecraft:shield":3,"minecraft:iron_sword":8,"minecraft:netherrack":2,"minecraft:oak_door":2,"minecraft:torch":42,"minecraft:dirt":29,"minecraft:mutton":2,"minecraft:wooden_axe":85,"minecraft:bookshelf":23,"minecraft:red_wool":2,"minecraft:iron_axe":415,"minecraft:rabbit_stew":4,"minecraft:red_carpet":2,"minecraft:sweet_berries":27,"minecraft:furnace":1,"minecraft:potato":20,"minecraft:brown_bed":1,"minecraft:diorite":1,"minecraft:spruce_door":1,"minecraft:oak_planks":361,"minecraft:white_wool":9,"minecraft:crafting_table":1,"minecraft:black_bed":1,"minecraft:spruce_log":41,"minecraft:dark_prismarine":1,"minecraft:bread":26,"minecraft:iron_pickaxe":203,"minecraft:cobblestone":29,"minecraft:birch_log":1,"alexsmobs:animal_dictionary":2},"minecraft:mined":{"minecraft:dark_prismarine":1,"minecraft:red_carpet":1,"minecraft:spruce_planks":3,"minecraft:sea_lantern":1,"minecraft:brewing_stand":1,"minecraft:ladder":1,"minecraft:grass_block":95,"minecraft:coal_block":2,"minecraft:spruce_leaves":1153,"minecraft:red_stained_glass_pane":4,"minecraft:large_fern":1,"minecraft:magma_block":4,"minecraft:furnace":6,"minecraft:iron_ore":4,"minecraft:stripped_spruce_log":2,"treechop:chopped_log":115,"minecraft:brown_bed":2,"minecraft:bookshelf":31,"minecraft:stone":69,"minecraft:white_wool":7,"minecraft:potted_allium":1,"minecraft:red_wool":2,"minecraft:infested_stone_bricks":4,"minecraft:smoker":2,"minecraft:spruce_door":1,"minecraft:blast_furnace":2,"minecraft:lectern":1,"minecraft:tall_grass":5,"minecraft:cobblestone":4,"minecraft:oak_planks":190,"minecraft:diorite":7,"minecraft:wall_torch":2,"minecraft:cauldron":2,"minecraft:warped_nylium":2,"minecraft:birch_log":1,"minecraft:sweet_berry_bush":14,"minecraft:spruce_log":137,"minecraft:birch_leaves":1,"minecraft:grass":47,"minecraft:oak_log":53,"minecraft:coal_ore":28,"minecraft:gravel":9,"minecraft:sunflower":4,"minecraft:flower_pot":1,"minecraft:dirt":15,"minecraft:oak_leaves":623},"minecraft:dropped":{"minecraft:iron_sword":2,"minecraft:wheat_seeds":128,"minecraft:cobblestone":46,"minecraft:lantern":1,"minecraft:leather":1,"minecraft:rail":5,"minecraft:stick":5,"minecraft:item_frame":2,"minecraft:dirt":6,"minecraft:diorite":1,"minecraft:torch":10,"backpacked:backpack":1,"minecraft:sunflower":10,"minecraft:iron_axe":2,"minecraft:iron_pickaxe":1,"minecraft:string":1,"minecraft:birch_log":3,"minecraft:bone":2,"minecraft:gravel":9,"minecraft:bowl":4,"minecraft:experience_bottle":3,"minecraft:oak_planks":150,"minecraft:shield":1,"minecraft:flower_pot":2,"minecraft:spruce_planks":35,"minecraft:ladder":1,"minecraft:brown_bed":2,"minecraft:arrow":2,"minecraft:lectern":1,"minecraft:firework_rocket":3},"minecraft:crafted":{"minecraft:oak_door":3,"minecraft:oak_planks":164,"minecraft:bookshelf":25,"minecraft:chest":1,"backpacked:backpack":2,"minecraft:spruce_planks":304,"minecraft:iron_sword":2,"minecraft:spruce_door":3,"minecraft:shield":2,"minecraft:stick":8,"minecraft:iron_ingot":4,"minecraft:wooden_axe":2,"minecraft:iron_shovel":1,"minecraft:torch":52},"minecraft:broken":{"minecraft:iron_axe":2,"minecraft:wooden_axe":1},"minecraft:custom":{"minecraft:mob_kills":12,"minecraft:interact_with_crafting_table":19,"minecraft:open_barrel":11,"minecraft:leave_game":3,"minecraft:time_since_death":57410,"minecraft:climb_one_cm":11376,"minecraft:sprint_one_cm":369207,"minecraft:walk_one_cm":241144,"minecraft:damage_blocked_by_shield":140,"minecraft:drop":55,"minecraft:deaths":7,"minecraft:sneak_time":1330,"minecraft:walk_under_water_one_cm":689,"minecraft:jump":1828,"minecraft:walk_on_water_one_cm":1999,"minecraft:interact_with_furnace":6,"minecraft:play_one_minute":150593,"minecraft:sleep_in_bed":1,"minecraft:time_since_rest":57450,"minecraft:damage_taken":3300,"minecraft:damage_dealt":3000,"minecraft:fly_one_cm":362936,"minecraft:open_chest":46,"minecraft:crouch_one_cm":2480,"minecraft:fall_one_cm":54087,"minecraft:inspect_dispenser":1,"minecraft:horse_one_cm":16838},"minecraft:killed":{"minecraft:spider":3,"minecraft:skeleton":1,"minecraft:sheep":2,"minecraft:zombie":2,"minecraft:enderman":1,"minecraft:cow":2}},"DataVersion":2586}