{"stats":{"minecraft:dropped":{"minecraft:iron_sword":1,"minecraft:wheat_seeds":128,"minecraft:cobblestone":46,"minecraft:lantern":1,"minecraft:leather":1,"minecraft:rail":5,"minecraft:item_frame":2,"minecraft:stick":5,"minecraft:dirt":6,"minecraft:diorite":1,"backpacked:backpack":1,"minecraft:sunflower":10,"minecraft:iron_axe":2,"minecraft:iron_pickaxe":1,"minecraft:string":1,"minecraft:birch_log":3,"minecraft:bone":2,"minecraft:gravel":9,"minecraft:bowl":4,"minecraft:experience_bottle":3,"minecraft:oak_planks":86,"minecraft:shield":1,"minecraft:flower_pot":2,"minecraft:ladder":1,"minecraft:brown_bed":2,"minecraft:arrow":2,"minecraft:lectern":1,"minecraft:firework_rocket":2},"minecraft:killed":{"minecraft:spider":2,"minecraft:skeleton":1,"minecraft:sheep":2,"minecraft:zombie":1,"minecraft:enderman":1,"minecraft:cow":2},"minecraft:custom":{"minecraft:mob_kills":9,"minecraft:interact_with_crafting_table":8,"minecraft:open_barrel":11,"minecraft:leave_game":2,"minecraft:time_since_death":26802,"minecraft:climb_one_cm":3807,"minecraft:sprint_one_cm":239857,"minecraft:walk_one_cm":146448,"minecraft:damage_blocked_by_shield":140,"minecraft:drop":50,"minecraft:deaths":6,"minecraft:sneak_time":920,"minecraft:walk_under_water_one_cm":689,"minecraft:jump":1098,"minecraft:walk_on_water_one_cm":1903,"minecraft:interact_with_furnace":5,"minecraft:play_one_minute":87209,"minecraft:sleep_in_bed":1,"minecraft:time_since_rest":33260,"minecraft:damage_taken":2577,"minecraft:damage_dealt":2473,"minecraft:fly_one_cm":227832,"minecraft:open_chest":39,"minecraft:crouch_one_cm":1412,"minecraft:fall_one_cm":30600,"minecraft:horse_one_cm":16838,"minecraft:inspect_dispenser":1},"minecraft:mined":{"minecraft:dark_prismarine":1,"minecraft:red_carpet":1,"minecraft:sea_lantern":1,"minecraft:brewing_stand":1,"minecraft:ladder":1,"minecraft:grass_block":5,"minecraft:coal_block":2,"minecraft:red_stained_glass_pane":4,"minecraft:magma_block":4,"minecraft:furnace":6,"minecraft:iron_ore":4,"minecraft:stripped_spruce_log":2,"treechop:chopped_log":14,"minecraft:brown_bed":2,"minecraft:bookshelf":31,"minecraft:stone":69,"minecraft:white_wool":7,"minecraft:potted_allium":1,"minecraft:red_wool":2,"minecraft:infested_stone_bricks":4,"minecraft:smoker":2,"minecraft:blast_furnace":2,"minecraft:lectern":1,"minecraft:tall_grass":5,"minecraft:cobblestone":4,"minecraft:oak_planks":18,"minecraft:diorite":7,"minecraft:cauldron":2,"minecraft:warped_nylium":2,"minecraft:birch_log":1,"minecraft:grass":19,"minecraft:oak_log":31,"minecraft:coal_ore":28,"minecraft:flower_pot":1,"minecraft:sunflower":4,"minecraft:gravel":9,"minecraft:dirt":11,"minecraft:oak_leaves":402},"minecraft:used":{"minecraft:poppy":1,"minecraft:ladder":2,"minecraft:spruce_planks":8,"minecraft:chest":2,"minecraft:shield":3,"minecraft:iron_sword":1,"minecraft:netherrack":2,"minecraft:dirt":8,"minecraft:mutton":2,"minecraft:red_wool":2,"minecraft:iron_axe":163,"minecraft:rabbit_stew":4,"minecraft:red_carpet":2,"minecraft:furnace":1,"minecraft:potato":20,"minecraft:brown_bed":1,"minecraft:diorite":1,"minecraft:oak_planks":31,"minecraft:white_wool":9,"minecraft:crafting_table":1,"minecraft:black_bed":1,"minecraft:dark_prismarine":1,"minecraft:bread":13,"minecraft:iron_pickaxe":203,"minecraft:cobblestone":29,"minecraft:birch_log":1,"alexsmobs:animal_dictionary":2},"minecraft:broken":{"minecraft:iron_axe":1},"minecraft:killed_by":{"minecraft:creeper":2,"minecraft:enderman":1,"minecraft:silverfish":2,"minecraft:skeleton":1},"minecraft:crafted":{"minecraft:oak_planks":80,"minecraft:chest":1,"backpacked:backpack":2,"minecraft:spruce_planks":8,"minecraft:iron_sword":2,"minecraft:shield":2,"minecraft:stick":4,"minecraft:iron_ingot":4},"minecraft:picked_up":{"minecraft:charcoal":67,"minecraft:crafting_table":2,"minecraft:allium":1,"minecraft:wheat":86,"minecraft:ladder":6,"minecraft:flower_pot":2,"minecraft:rabbit_stew":18,"minecraft:brown_bed":4,"minecraft:enchanted_book":11,"minecraft:brewing_stand":3,"minecraft:string":2,"minecraft:iron_axe":5,"minecraft:flint_and_steel":1,"minecraft:item_frame":2,"minecraft:armor_stand":4,"minecraft:experience_bottle":9,"minecraft:gold_nugget":16,"minecraft:beef":2,"minecraft:written_book":1,"minecraft:poppy":1,"minecraft:iron_pickaxe":15,"minecraft:lectern":2,"minecraft:coal_block":1,"minecraft:chest":1,"minecraft:furnace":17,"minecraft:stick":9,"minecraft:bowl":5,"minecraft:diorite":4,"minecraft:carrot":1,"minecraft:prismarine_crystals":3,"minecraft:golden_chestplate":4,"minecraft:cauldron":6,"minecraft:arrow":2,"minecraft:mutton":2,"minecraft:skeleton_skull":1,"minecraft:white_wool":9,"minecraft:rail":5,"minecraft:cobblestone":185,"minecraft:birch_log":4,"minecraft:enchanting_table":1,"minecraft:magma_block":12,"minecraft:black_bed":1,"minecraft:leather":23,"minecraft:golden_leggings":2,"minecraft:smoker":4,"minecraft:potato":9,"minecraft:oak_log":21,"minecraft:golden_boots":2,"minecraft:dirt":17,"minecraft:lantern":1,"minecraft:name_tag":13,"minecraft:red_carpet":9,"minecraft:bone":2,"minecraft:wheat_seeds":511,"minecraft:iron_ingot":5,"minecraft:iron_ore":4,"minecraft:oak_planks":59,"minecraft:book":261,"minecraft:red_wool":2,"minecraft:gravel":9,"minecraft:stripped_spruce_log":2,"minecraft:ink_sac":8,"minecraft:blast_furnace":3,"alexsmobs:animal_dictionary":3,"minecraft:dark_prismarine":1,"minecraft:firework_rocket":6,"minecraft:diamond":2,"minecraft:warped_roots":1,"minecraft:bread":117,"minecraft:oak_sapling":21,"minecraft:netherrack":2,"minecraft:coal":56,"minecraft:sunflower":14}},"DataVersion":2586}