{"stats":{"minecraft:killed_by":{"minecraft:creeper":2,"minecraft:enderman":1,"minecraft:silverfish":2,"minecraft:skeleton":1},"minecraft:picked_up":{"minecraft:wooden_axe":1,"minecraft:charcoal":67,"minecraft:crafting_table":2,"minecraft:wheat":86,"minecraft:allium":1,"minecraft:ladder":6,"minecraft:flower_pot":2,"minecraft:rabbit_stew":18,"minecraft:brown_bed":4,"minecraft:enchanted_book":11,"minecraft:brewing_stand":3,"minecraft:shield":2,"minecraft:string":2,"minecraft:iron_axe":6,"minecraft:flint_and_steel":1,"minecraft:item_frame":2,"minecraft:armor_stand":4,"minecraft:experience_bottle":9,"minecraft:gold_nugget":16,"minecraft:spruce_planks":200,"minecraft:beef":2,"minecraft:written_book":1,"minecraft:iron_nugget":4,"minecraft:poppy":1,"minecraft:iron_pickaxe":16,"minecraft:lectern":2,"minecraft:coal_block":1,"minecraft:chest":1,"minecraft:birch_sapling":6,"minecraft:furnace":17,"minecraft:stick":73,"minecraft:oak_door":1,"minecraft:torch":2,"minecraft:bowl":5,"minecraft:diorite":4,"minecraft:carrot":1,"minecraft:prismarine_crystals":3,"minecraft:golden_chestplate":6,"minecraft:cauldron":6,"minecraft:arrow":2,"minecraft:rotten_flesh":2,"inventorypets:pet_blaze":1,"minecraft:snowball":11,"minecraft:mutton":2,"minecraft:rail":5,"minecraft:skeleton_skull":1,"minecraft:white_wool":9,"minecraft:cobblestone":185,"minecraft:enchanting_table":1,"minecraft:birch_log":22,"minecraft:magma_block":12,"minecraft:golden_leggings":2,"minecraft:black_bed":1,"minecraft:leather":23,"minecraft:smoker":4,"minecraft:potato":9,"minecraft:ice":7,"minecraft:flint":2,"minecraft:oak_log":61,"minecraft:golden_boots":2,"minecraft:dirt":123,"minecraft:lantern":1,"minecraft:name_tag":13,"minecraft:red_carpet":9,"minecraft:bone":3,"minecraft:apple":2,"minecraft:wheat_seeds":513,"minecraft:iron_ingot":6,"minecraft:iron_ore":4,"minecraft:iron_sword":2,"minecraft:oak_planks":399,"minecraft:book":261,"minecraft:sweet_berries":20,"minecraft:red_wool":2,"minecraft:quartz":20,"minecraft:gravel":9,"minecraft:blast_furnace":3,"minecraft:stripped_spruce_log":2,"minecraft:spruce_sapling":50,"minecraft:ink_sac":8,"minecraft:spruce_log":146,"minecraft:spruce_door":4,"alexsmobs:animal_dictionary":3,"minecraft:dark_prismarine":1,"minecraft:firework_rocket":9,"minecraft:diamond":2,"minecraft:bread":146,"minecraft:warped_roots":1,"minecraft:oak_sapling":84,"minecraft:netherrack":2,"minecraft:coal":56,"minecraft:sunflower":14},"minecraft:used":{"minecraft:enchanting_table":1,"minecraft:iron_shovel":78,"minecraft:ladder":2,"minecraft:poppy":1,"minecraft:chest":2,"minecraft:spruce_planks":367,"minecraft:shield":9,"minecraft:iron_sword":8,"minecraft:netherrack":2,"minecraft:oak_door":2,"minecraft:torch":42,"minecraft:dirt":115,"minecraft:mutton":2,"minecraft:snowball":1,"minecraft:wooden_axe":120,"minecraft:bookshelf":23,"minecraft:red_wool":2,"minecraft:iron_axe":415,"minecraft:rabbit_stew":4,"minecraft:red_carpet":2,"minecraft:sweet_berries":29,"minecraft:furnace":6,"minecraft:potato":20,"minecraft:brown_bed":1,"minecraft:diorite":1,"minecraft:spruce_door":1,"minecraft:oak_planks":361,"minecraft:cauldron":2,"minecraft:white_wool":9,"minecraft:crafting_table":1,"minecraft:blast_furnace":1,"minecraft:black_bed":1,"minecraft:spruce_log":41,"minecraft:dark_prismarine":1,"minecraft:bread":34,"minecraft:iron_pickaxe":203,"minecraft:cobblestone":81,"minecraft:birch_log":1,"minecraft:ice":1,"alexsmobs:animal_dictionary":2},"minecraft:mined":{"minecraft:dark_prismarine":1,"minecraft:red_carpet":1,"minecraft:spruce_planks":4,"minecraft:sea_lantern":1,"minecraft:brewing_stand":1,"minecraft:ladder":1,"minecraft:grass_block":96,"minecraft:coal_block":2,"minecraft:spruce_leaves":1243,"minecraft:red_stained_glass_pane":4,"minecraft:large_fern":3,"minecraft:magma_block":4,"minecraft:furnace":6,"minecraft:iron_ore":4,"minecraft:stripped_spruce_log":2,"treechop:chopped_log":144,"minecraft:brown_bed":2,"minecraft:bookshelf":31,"minecraft:stone":69,"minecraft:white_wool":7,"minecraft:potted_allium":1,"minecraft:red_wool":2,"minecraft:infested_stone_bricks":4,"minecraft:smoker":2,"minecraft:spruce_door":1,"minecraft:blast_furnace":2,"minecraft:lectern":1,"minecraft:tall_grass":5,"minecraft:cobblestone":4,"minecraft:oak_planks":190,"minecraft:diorite":7,"minecraft:wall_torch":2,"minecraft:cauldron":2,"minecraft:warped_nylium":2,"minecraft:birch_log":21,"minecraft:ice":1,"minecraft:sweet_berry_bush":14,"minecraft:spruce_log":147,"minecraft:birch_leaves":179,"minecraft:grass":49,"minecraft:oak_log":73,"minecraft:coal_ore":28,"minecraft:gravel":9,"minecraft:sunflower":4,"minecraft:flower_pot":1,"minecraft:dirt":15,"minecraft:oak_leaves":872},"minecraft:dropped":{"minecraft:iron_sword":2,"minecraft:wheat_seeds":128,"minecraft:cobblestone":46,"minecraft:lantern":1,"minecraft:leather":1,"minecraft:rail":5,"minecraft:stick":5,"minecraft:item_frame":2,"minecraft:dirt":6,"minecraft:diorite":1,"minecraft:torch":10,"backpacked:backpack":1,"minecraft:sunflower":10,"minecraft:iron_axe":2,"minecraft:iron_pickaxe":1,"minecraft:string":1,"minecraft:birch_log":3,"minecraft:bone":2,"minecraft:gravel":9,"minecraft:sweet_berries":4,"minecraft:bowl":4,"minecraft:experience_bottle":3,"minecraft:oak_planks":150,"minecraft:shield":1,"minecraft:flower_pot":2,"minecraft:spruce_planks":35,"minecraft:ladder":1,"minecraft:brown_bed":2,"minecraft:arrow":2,"minecraft:lectern":1,"minecraft:firework_rocket":3},"minecraft:crafted":{"minecraft:oak_door":3,"minecraft:oak_planks":240,"minecraft:bookshelf":25,"minecraft:ladder":87,"minecraft:chest":1,"backpacked:backpack":2,"minecraft:spruce_planks":428,"minecraft:iron_sword":2,"minecraft:spruce_door":3,"minecraft:birch_planks":72,"minecraft:shield":2,"minecraft:stick":188,"minecraft:iron_ingot":4,"minecraft:wooden_axe":2,"minecraft:iron_shovel":1,"minecraft:torch":52},"minecraft:broken":{"minecraft:iron_axe":2,"minecraft:wooden_axe":2},"minecraft:custom":{"minecraft:mob_kills":13,"minecraft:interact_with_crafting_table":20,"minecraft:open_barrel":11,"minecraft:leave_game":3,"minecraft:time_since_death":9256,"minecraft:climb_one_cm":11376,"minecraft:sprint_one_cm":430184,"minecraft:walk_one_cm":265108,"minecraft:damage_blocked_by_shield":290,"minecraft:drop":59,"minecraft:deaths":8,"minecraft:sneak_time":3475,"minecraft:walk_under_water_one_cm":10078,"minecraft:jump":2309,"minecraft:walk_on_water_one_cm":6918,"minecraft:interact_with_furnace":6,"minecraft:play_one_minute":174593,"minecraft:sleep_in_bed":1,"minecraft:time_since_rest":9280,"minecraft:damage_taken":4967,"minecraft:damage_dealt":3154,"minecraft:fly_one_cm":404720,"minecraft:open_chest":52,"minecraft:crouch_one_cm":9672,"minecraft:fall_one_cm":76554,"minecraft:inspect_dispenser":1,"minecraft:horse_one_cm":16838},"minecraft:killed":{"minecraft:spider":3,"minecraft:skeleton":1,"minecraft:sheep":2,"minecraft:zombie":2,"minecraft:enderman":1,"minecraft:cow":2}},"DataVersion":2586}