{"stats":{"minecraft:dropped":{"minecraft:sunflower":1,"minecraft:iron_pickaxe":1},"minecraft:killed":{"minecraft:sheep":2},"minecraft:custom":{"minecraft:mob_kills":2,"minecraft:play_one_minute":27209,"minecraft:leave_game":2,"minecraft:time_since_death":9376,"minecraft:sleep_in_bed":1,"minecraft:climb_one_cm":2441,"minecraft:time_since_rest":9426,"minecraft:sprint_one_cm":104478,"minecraft:damage_taken":750,"minecraft:walk_one_cm":64424,"minecraft:drop":2,"minecraft:damage_dealt":555,"minecraft:fly_one_cm":93995,"minecraft:open_chest":24,"minecraft:crouch_one_cm":1374,"minecraft:deaths":2,"minecraft:sneak_time":639,"minecraft:walk_under_water_one_cm":241,"minecraft:jump":442,"minecraft:walk_on_water_one_cm":305,"minecraft:fall_one_cm":6988,"minecraft:inspect_dispenser":1,"minecraft:horse_one_cm":16838},"minecraft:mined":{"minecraft:dark_prismarine":1,"minecraft:red_carpet":1,"minecraft:red_wool":2,"minecraft:infested_stone_bricks":4,"minecraft:sea_lantern":1,"minecraft:brewing_stand":1,"minecraft:ladder":1,"minecraft:lectern":1,"minecraft:tall_grass":4,"minecraft:cauldron":2,"minecraft:warped_nylium":2,"minecraft:magma_block":4,"minecraft:furnace":6,"minecraft:stripped_spruce_log":2,"treechop:chopped_log":1,"minecraft:brown_bed":2,"minecraft:grass":13,"minecraft:bookshelf":31,"minecraft:oak_log":1,"minecraft:sunflower":4,"minecraft:flower_pot":1,"minecraft:white_wool":7,"minecraft:potted_allium":1},"minecraft:used":{"minecraft:spruce_planks":8,"minecraft:netherrack":2,"minecraft:white_wool":9,"minecraft:mutton":2,"minecraft:dark_prismarine":1,"minecraft:red_wool":2,"minecraft:iron_axe":31,"minecraft:bread":4,"minecraft:iron_pickaxe":51,"minecraft:red_carpet":2,"alexsmobs:animal_dictionary":2,"minecraft:potato":20,"minecraft:brown_bed":1},"minecraft:crafted":{"minecraft:spruce_planks":8},"minecraft:killed_by":{"minecraft:silverfish":2},"minecraft:picked_up":{"minecraft:crafting_table":1,"minecraft:charcoal":20,"minecraft:magma_block":4,"minecraft:wheat":44,"minecraft:allium":1,"minecraft:ladder":4,"minecraft:flower_pot":2,"minecraft:rabbit_stew":9,"minecraft:leather":5,"minecraft:brown_bed":2,"minecraft:enchanted_book":4,"minecraft:brewing_stand":1,"minecraft:lantern":1,"minecraft:iron_axe":1,"minecraft:name_tag":1,"minecraft:armor_stand":2,"minecraft:item_frame":2,"minecraft:red_carpet":9,"minecraft:iron_pickaxe":3,"minecraft:lectern":1,"minecraft:furnace":6,"minecraft:book":87,"minecraft:stick":2,"minecraft:red_wool":2,"minecraft:stripped_spruce_log":2,"minecraft:ink_sac":4,"minecraft:prismarine_crystals":3,"alexsmobs:animal_dictionary":2,"minecraft:cauldron":2,"minecraft:dark_prismarine":1,"minecraft:firework_rocket":2,"minecraft:bread":31,"minecraft:warped_roots":1,"minecraft:netherrack":2,"minecraft:sunflower":5,"minecraft:mutton":2,"minecraft:white_wool":9,"minecraft:skeleton_skull":1}},"DataVersion":2586}