{"stats":{"minecraft:dropped":{"minecraft:sunflower":1,"minecraft:iron_pickaxe":1},"minecraft:killed":{"minecraft:sheep":2},"minecraft:custom":{"minecraft:time_since_rest":533,"minecraft:sprint_one_cm":57847,"minecraft:damage_taken":300,"minecraft:walk_one_cm":31573,"minecraft:mob_kills":2,"minecraft:drop":2,"minecraft:damage_dealt":370,"minecraft:fly_one_cm":63831,"minecraft:open_chest":15,"minecraft:play_one_minute":15209,"minecraft:deaths":1,"minecraft:walk_under_water_one_cm":241,"minecraft:jump":285,"minecraft:leave_game":2,"minecraft:time_since_death":507,"minecraft:walk_on_water_one_cm":305,"minecraft:sleep_in_bed":1,"minecraft:climb_one_cm":2191,"minecraft:fall_one_cm":5217,"minecraft:horse_one_cm":16838},"minecraft:mined":{"minecraft:red_carpet":1,"minecraft:infested_stone_bricks":2,"treechop:chopped_log":1,"minecraft:brown_bed":2,"minecraft:ladder":1,"minecraft:grass":13,"minecraft:oak_log":1,"minecraft:sunflower":4,"minecraft:tall_grass":4},"minecraft:used":{"minecraft:iron_pickaxe":4,"minecraft:white_wool":2,"minecraft:mutton":2,"alexsmobs:animal_dictionary":2,"minecraft:potato":20,"minecraft:brown_bed":1},"minecraft:killed_by":{"minecraft:silverfish":1},"minecraft:picked_up":{"minecraft:charcoal":20,"minecraft:wheat":22,"minecraft:ladder":1,"minecraft:rabbit_stew":4,"minecraft:leather":5,"minecraft:brown_bed":2,"minecraft:enchanted_book":4,"minecraft:ink_sac":4,"alexsmobs:animal_dictionary":1,"minecraft:name_tag":1,"minecraft:firework_rocket":2,"minecraft:red_carpet":6,"minecraft:bread":18,"minecraft:iron_pickaxe":1,"minecraft:mutton":2,"minecraft:white_wool":2,"minecraft:sunflower":5}},"DataVersion":2586}