{"stats":{"minecraft:dropped":{"minecraft:wheat_seeds":64,"minecraft:bowl":1,"minecraft:lantern":1,"minecraft:rail":1,"minecraft:item_frame":2,"minecraft:dirt":3,"minecraft:flower_pot":2,"minecraft:sunflower":1,"minecraft:iron_pickaxe":1,"minecraft:firework_rocket":2,"minecraft:lectern":1},"minecraft:killed":{"minecraft:spider":2,"minecraft:sheep":2,"minecraft:cow":1},"minecraft:custom":{"minecraft:interact_with_furnace":1,"minecraft:mob_kills":5,"minecraft:open_barrel":11,"minecraft:play_one_minute":39209,"minecraft:leave_game":2,"minecraft:time_since_death":585,"minecraft:sleep_in_bed":1,"minecraft:climb_one_cm":2441,"minecraft:time_since_rest":643,"minecraft:sprint_one_cm":143016,"minecraft:damage_taken":1490,"minecraft:walk_one_cm":99506,"minecraft:drop":11,"minecraft:damage_dealt":1152,"minecraft:fly_one_cm":112329,"minecraft:open_chest":26,"minecraft:crouch_one_cm":1374,"minecraft:deaths":4,"minecraft:sneak_time":639,"minecraft:walk_under_water_one_cm":461,"minecraft:jump":562,"minecraft:walk_on_water_one_cm":1049,"minecraft:fall_one_cm":14292,"minecraft:inspect_dispenser":1,"minecraft:horse_one_cm":16838},"minecraft:mined":{"minecraft:dark_prismarine":1,"minecraft:red_carpet":1,"minecraft:red_wool":2,"minecraft:infested_stone_bricks":4,"minecraft:smoker":2,"minecraft:sea_lantern":1,"minecraft:brewing_stand":1,"minecraft:ladder":1,"minecraft:blast_furnace":2,"minecraft:lectern":1,"minecraft:coal_block":2,"minecraft:tall_grass":4,"minecraft:diorite":7,"minecraft:red_stained_glass_pane":4,"minecraft:cauldron":2,"minecraft:warped_nylium":2,"minecraft:magma_block":4,"minecraft:furnace":6,"minecraft:stripped_spruce_log":2,"treechop:chopped_log":1,"minecraft:brown_bed":2,"minecraft:grass":13,"minecraft:bookshelf":31,"minecraft:coal_ore":28,"minecraft:oak_log":1,"minecraft:sunflower":4,"minecraft:flower_pot":1,"minecraft:stone":50,"minecraft:white_wool":7,"minecraft:potted_allium":1},"minecraft:used":{"minecraft:ladder":2,"minecraft:spruce_planks":8,"minecraft:netherrack":2,"minecraft:white_wool":9,"minecraft:mutton":2,"minecraft:dark_prismarine":1,"minecraft:red_wool":2,"minecraft:iron_axe":58,"minecraft:bread":6,"minecraft:iron_pickaxe":142,"minecraft:rabbit_stew":2,"minecraft:red_carpet":2,"alexsmobs:animal_dictionary":2,"minecraft:potato":20,"minecraft:brown_bed":1},"minecraft:crafted":{"minecraft:spruce_planks":8},"minecraft:killed_by":{"minecraft:silverfish":2,"minecraft:skeleton":1,"minecraft:enderman":1},"minecraft:picked_up":{"minecraft:crafting_table":1,"minecraft:charcoal":20,"minecraft:magma_block":4,"minecraft:wheat":44,"minecraft:allium":1,"minecraft:ladder":4,"minecraft:flower_pot":2,"minecraft:rabbit_stew":9,"minecraft:leather":6,"minecraft:smoker":2,"minecraft:brown_bed":2,"minecraft:enchanted_book":4,"minecraft:brewing_stand":1,"minecraft:dirt":3,"minecraft:lantern":1,"minecraft:iron_axe":1,"minecraft:name_tag":1,"minecraft:armor_stand":2,"minecraft:item_frame":2,"minecraft:red_carpet":9,"minecraft:wheat_seeds":192,"minecraft:iron_pickaxe":3,"minecraft:lectern":1,"minecraft:coal_block":1,"minecraft:furnace":6,"minecraft:book":87,"minecraft:stick":2,"minecraft:red_wool":2,"minecraft:bowl":1,"minecraft:stripped_spruce_log":2,"minecraft:blast_furnace":1,"minecraft:ink_sac":4,"minecraft:diorite":2,"minecraft:prismarine_crystals":3,"alexsmobs:animal_dictionary":2,"minecraft:cauldron":2,"minecraft:dark_prismarine":1,"minecraft:firework_rocket":4,"minecraft:cobblestone":19,"minecraft:bread":31,"minecraft:warped_roots":1,"minecraft:coal":28,"minecraft:rail":1,"minecraft:netherrack":2,"minecraft:sunflower":5,"minecraft:mutton":2,"minecraft:white_wool":9,"minecraft:skeleton_skull":1}},"DataVersion":2586}