{"stats":{"minecraft:crafted":{"minecraft:oak_door":3,"minecraft:oak_planks":240,"minecraft:bookshelf":25,"minecraft:ladder":87,"minecraft:chest":1,"backpacked:backpack":2,"minecraft:spruce_planks":428,"minecraft:iron_sword":2,"minecraft:spruce_door":3,"minecraft:birch_planks":116,"minecraft:shield":3,"minecraft:stick":188,"minecraft:iron_ingot":5,"minecraft:wooden_axe":2,"minecraft:snow_block":6,"minecraft:iron_shovel":1,"minecraft:torch":64},"minecraft:killed_by":{"minecraft:creeper":2,"minecraft:enderman":1,"minecraft:silverfish":2,"minecraft:skeleton":2},"minecraft:killed":{"minecraft:spider":3,"minecraft:skeleton":1,"minecraft:sheep":2,"minecraft:zombie":3,"minecraft:cow":2,"minecraft:enderman":1},"minecraft:used":{"minecraft:enchanting_table":1,"minecraft:iron_shovel":188,"minecraft:ladder":89,"minecraft:poppy":1,"minecraft:chest":2,"minecraft:spruce_planks":368,"minecraft:shield":15,"minecraft:iron_sword":10,"minecraft:netherrack":2,"minecraft:oak_door":2,"minecraft:torch":44,"minecraft:dirt":208,"minecraft:mutton":2,"minecraft:snowball":11,"minecraft:wooden_axe":120,"minecraft:bookshelf":23,"minecraft:red_wool":2,"minecraft:iron_axe":415,"minecraft:rabbit_stew":5,"minecraft:red_carpet":2,"minecraft:sweet_berries":41,"minecraft:furnace":6,"minecraft:potato":20,"minecraft:brown_bed":1,"minecraft:diorite":1,"minecraft:spruce_door":1,"minecraft:birch_planks":118,"minecraft:oak_planks":381,"minecraft:cauldron":2,"minecraft:white_wool":9,"minecraft:crafting_table":1,"minecraft:blast_furnace":1,"minecraft:black_bed":1,"minecraft:spruce_log":41,"minecraft:dark_prismarine":1,"minecraft:firework_rocket":1,"minecraft:bread":38,"minecraft:iron_pickaxe":498,"minecraft:cobblestone":167,"minecraft:birch_log":1,"minecraft:ice":7,"alexsmobs:animal_dictionary":2},"minecraft:broken":{"minecraft:iron_axe":2,"minecraft:iron_pickaxe":1,"minecraft:wooden_axe":2},"minecraft:custom":{"minecraft:mob_kills":15,"minecraft:interact_with_crafting_table":24,"minecraft:open_barrel":11,"minecraft:damage_dealt_resisted":71,"minecraft:leave_game":3,"minecraft:time_since_death":24488,"minecraft:climb_one_cm":45298,"minecraft:sprint_one_cm":491083,"minecraft:walk_one_cm":328433,"minecraft:damage_blocked_by_shield":540,"minecraft:drop":59,"minecraft:deaths":9,"minecraft:sneak_time":5184,"minecraft:walk_under_water_one_cm":15253,"minecraft:jump":2880,"minecraft:walk_on_water_one_cm":13758,"minecraft:interact_with_furnace":6,"minecraft:play_one_minute":209856,"minecraft:sleep_in_bed":3,"minecraft:time_since_rest":10504,"minecraft:damage_taken":5480,"minecraft:damage_dealt":3292,"minecraft:fly_one_cm":445080,"minecraft:open_chest":67,"minecraft:crouch_one_cm":14409,"minecraft:fall_one_cm":83758,"minecraft:inspect_dispenser":1,"minecraft:horse_one_cm":16838},"minecraft:dropped":{"minecraft:iron_sword":2,"minecraft:wheat_seeds":128,"minecraft:cobblestone":46,"minecraft:lantern":1,"minecraft:leather":1,"minecraft:rail":5,"minecraft:stick":5,"minecraft:item_frame":2,"minecraft:dirt":6,"minecraft:diorite":1,"minecraft:torch":10,"backpacked:backpack":1,"minecraft:sunflower":10,"minecraft:iron_axe":2,"minecraft:iron_pickaxe":1,"minecraft:string":1,"minecraft:birch_log":3,"minecraft:bone":2,"minecraft:gravel":9,"minecraft:sweet_berries":4,"minecraft:bowl":4,"minecraft:experience_bottle":3,"minecraft:oak_planks":150,"minecraft:shield":1,"minecraft:flower_pot":2,"minecraft:spruce_planks":35,"minecraft:ladder":1,"minecraft:brown_bed":2,"minecraft:arrow":2,"minecraft:lectern":1,"minecraft:firework_rocket":3},"minecraft:mined":{"minecraft:dark_prismarine":1,"minecraft:red_carpet":1,"minecraft:spruce_planks":4,"minecraft:orange_stained_glass":1,"minecraft:sea_lantern":1,"minecraft:brewing_stand":1,"minecraft:ladder":2,"minecraft:granite":17,"minecraft:grass_block":182,"minecraft:coal_block":2,"minecraft:spruce_leaves":1243,"minecraft:oxeye_daisy":1,"minecraft:red_stained_glass_pane":4,"minecraft:large_fern":3,"minecraft:redstone_ore":3,"minecraft:magma_block":4,"minecraft:furnace":6,"minecraft:iron_ore":24,"minecraft:andesite":10,"minecraft:stripped_spruce_log":2,"treechop:chopped_log":151,"minecraft:brown_bed":2,"minecraft:bookshelf":31,"minecraft:stone":238,"minecraft:white_wool":7,"minecraft:potted_allium":1,"minecraft:red_wool":2,"minecraft:infested_stone_bricks":4,"minecraft:smoker":2,"minecraft:spruce_door":1,"minecraft:blast_furnace":2,"minecraft:lectern":1,"minecraft:tall_grass":6,"minecraft:cobblestone":46,"minecraft:oak_planks":190,"minecraft:diorite":8,"minecraft:wall_torch":2,"minecraft:cauldron":2,"minecraft:birch_planks":8,"minecraft:warped_nylium":2,"minecraft:birch_log":32,"minecraft:sweet_berry_bush":21,"minecraft:ice":1,"minecraft:spruce_log":147,"minecraft:birch_leaves":284,"minecraft:grass":56,"minecraft:oak_log":73,"minecraft:coal_ore":58,"minecraft:sunflower":4,"minecraft:flower_pot":1,"minecraft:gravel":9,"minecraft:dirt":26,"minecraft:yellow_stained_glass":1,"minecraft:oak_leaves":873},"minecraft:picked_up":{"minecraft:wooden_axe":1,"minecraft:charcoal":67,"minecraft:crafting_table":2,"minecraft:wheat":86,"minecraft:allium":1,"minecraft:azure_bluet":1,"minecraft:ladder":6,"minecraft:flower_pot":2,"minecraft:rabbit_stew":18,"minecraft:brown_bed":4,"minecraft:enchanted_book":11,"minecraft:brewing_stand":3,"minecraft:shield":2,"minecraft:string":2,"minecraft:iron_axe":6,"minecraft:flint_and_steel":1,"minecraft:item_frame":2,"minecraft:armor_stand":4,"minecraft:experience_bottle":9,"minecraft:gold_nugget":16,"minecraft:spruce_planks":200,"minecraft:beef":2,"inventorypets:pet_enchanting_table":1,"minecraft:written_book":1,"minecraft:iron_nugget":21,"minecraft:poppy":1,"minecraft:iron_pickaxe":16,"minecraft:lectern":2,"minecraft:coal_block":1,"minecraft:chest":1,"minecraft:birch_sapling":11,"minecraft:furnace":17,"minecraft:stick":76,"minecraft:oak_door":2,"minecraft:torch":2,"minecraft:bowl":5,"minecraft:diorite":5,"minecraft:carrot":1,"minecraft:redstone":15,"minecraft:prismarine_crystals":3,"minecraft:golden_chestplate":6,"minecraft:cauldron":6,"minecraft:arrow":2,"minecraft:rotten_flesh":2,"inventorypets:pet_blaze":1,"minecraft:mutton":2,"minecraft:rail":5,"minecraft:skeleton_skull":1,"minecraft:snowball":11,"minecraft:white_wool":9,"minecraft:cobblestone":369,"minecraft:oxeye_daisy":1,"minecraft:enchanting_table":1,"minecraft:birch_log":33,"minecraft:magma_block":12,"minecraft:andesite":8,"minecraft:black_bed":1,"minecraft:leather":23,"minecraft:golden_leggings":2,"minecraft:smoker":4,"minecraft:potato":9,"minecraft:birch_planks":8,"minecraft:ice":21,"minecraft:flint":2,"inventorypets:nugget_obsidian":2,"minecraft:oak_log":61,"minecraft:golden_boots":2,"minecraft:dirt":218,"minecraft:lantern":1,"minecraft:name_tag":13,"minecraft:red_carpet":9,"minecraft:bone":3,"minecraft:apple":2,"minecraft:wheat_seeds":516,"minecraft:iron_ingot":6,"minecraft:iron_ore":24,"minecraft:iron_sword":2,"minecraft:oak_planks":399,"minecraft:book":261,"minecraft:sweet_berries":34,"minecraft:red_wool":2,"minecraft:quartz":64,"minecraft:gravel":9,"minecraft:stripped_spruce_log":2,"minecraft:spruce_sapling":50,"minecraft:blast_furnace":3,"minecraft:ink_sac":8,"minecraft:spruce_log":146,"minecraft:spruce_door":4,"alexsmobs:animal_dictionary":3,"minecraft:dark_prismarine":1,"minecraft:firework_rocket":10,"minecraft:diamond":2,"minecraft:granite":14,"minecraft:bread":146,"minecraft:warped_roots":1,"minecraft:oak_sapling":119,"minecraft:netherrack":2,"minecraft:coal":79,"minecraft:sunflower":14}},"DataVersion":2586}