{"stats":{"minecraft:crafted":{"minecraft:oak_planks":332,"minecraft:spruce_fence":21,"minecraft:iron_axe":2,"minecraft:chest":1,"minecraft:crafting_table":2,"minecraft:spruce_planks":160,"minecraft:bread":37,"minecraft:spruce_trapdoor":2,"minecraft:iron_ingot":11,"minecraft:iron_pickaxe":1,"minecraft:iron_shovel":1,"minecraft:lapis_lazuli":1},"minecraft:killed_by":{"minecraft:creeper":1,"minecraft:silverfish":3,"minecraft:skeleton":2,"minecraft:zombie":3,"evolved_rpg:deep_crowler":1,"guardvillagers:guard":1},"minecraft:killed":{"minecraft:spider":1,"minecraft:skeleton":1,"minecraft:silverfish":1,"minecraft:iron_golem":1,"minecraft:zombie":5,"minecraft:cow":1},"minecraft:used":{"minecraft:iron_shovel":83,"minecraft:melon":2,"minecraft:chest":1,"minecraft:shield":4,"minecraft:iron_sword":86,"minecraft:torch":5,"minecraft:dirt":145,"minecraft:granite":8,"minecraft:spruce_fence":19,"minecraft:iron_axe":172,"minecraft:rabbit_stew":2,"minecraft:sweet_berries":8,"minecraft:oak_sapling":11,"minecraft:egg":1,"minecraft:brown_bed":1,"minecraft:birch_planks":1,"minecraft:oak_planks":320,"minecraft:ender_pearl":1,"minecraft:crafting_table":1,"minecraft:cornflower":3,"minecraft:apple":6,"minecraft:melon_slice":4,"minecraft:bread":3,"minecraft:iron_pickaxe":628,"minecraft:spruce_trapdoor":2,"minecraft:cobblestone":174,"minecraft:poisonous_potato":1,"minecraft:yellow_bed":1,"alexsmobs:animal_dictionary":1},"minecraft:custom":{"minecraft:mob_kills":10,"minecraft:interact_with_crafting_table":13,"minecraft:open_barrel":1,"minecraft:leave_game":4,"minecraft:time_since_death":8666,"minecraft:climb_one_cm":11265,"minecraft:sprint_one_cm":346394,"minecraft:walk_one_cm":477486,"minecraft:damage_blocked_by_shield":180,"minecraft:drop":32,"minecraft:deaths":11,"minecraft:sneak_time":3926,"minecraft:walk_under_water_one_cm":18422,"minecraft:interact_with_lectern":1,"minecraft:jump":3069,"minecraft:walk_on_water_one_cm":7174,"minecraft:interact_with_furnace":5,"minecraft:play_one_minute":179175,"minecraft:time_since_rest":8708,"minecraft:damage_taken":3533,"minecraft:damage_dealt":3573,"minecraft:swim_one_cm":2051,"minecraft:fly_one_cm":418743,"minecraft:open_chest":25,"minecraft:crouch_one_cm":6602,"minecraft:fall_one_cm":64741,"minecraft:horse_one_cm":6359},"minecraft:dropped":{"minecraft:bread":42,"minecraft:wheat_seeds":192,"minecraft:cobblestone":38,"minecraft:leather":8,"minecraft:granite":8,"minecraft:stick":2,"minecraft:flint":1,"minecraft:map":1,"minecraft:iron_axe":1,"minecraft:paper":6,"minecraft:spruce_sapling":2,"minecraft:bone":3,"minecraft:gravel":1,"minecraft:crimson_fungus":1,"minecraft:oak_planks":151,"minecraft:azure_bluet":2,"minecraft:spruce_planks":160,"minecraft:oak_sapling":57,"minecraft:firework_rocket":2},"minecraft:mined":{"minecraft:red_carpet":2,"minecraft:oak_sapling":1,"endrem:fake_stone":4,"minecraft:ladder":2,"minecraft:granite":15,"minecraft:grass_block":93,"minecraft:spruce_fence":2,"minecraft:spruce_leaves":326,"minecraft:large_fern":4,"minecraft:iron_ore":14,"minecraft:andesite":6,"minecraft:stripped_spruce_log":1,"minecraft:pumpkin":1,"treechop:chopped_log":67,"minecraft:azure_bluet":3,"minecraft:enchanting_table":1,"minecraft:rail":2,"minecraft:stone":353,"minecraft:acacia_leaves":2,"minecraft:scaffolding":1,"minecraft:dandelion":1,"minecraft:cornflower":4,"minecraft:melon":2,"minecraft:chest":1,"minecraft:lectern":1,"minecraft:tall_grass":36,"minecraft:cobblestone":6,"minecraft:oak_planks":49,"minecraft:diorite":16,"minecraft:birch_planks":3,"minecraft:wheat":103,"minecraft:spruce_log":41,"minecraft:birch_leaves":14,"minecraft:black_bed":1,"minecraft:yellow_bed":2,"minecraft:grass":145,"minecraft:oak_log":76,"minecraft:coal_ore":30,"minecraft:sunflower":8,"minecraft:gravel":12,"minecraft:dirt":53,"minecraft:stone_bricks":6,"minecraft:oak_leaves":758},"minecraft:picked_up":{"minecraft:charcoal":52,"minecraft:crafting_table":1,"minecraft:wheat":158,"minecraft:azure_bluet":7,"minecraft:ladder":6,"minecraft:rabbit_stew":11,"backpacked:backpack":1,"minecraft:brown_bed":2,"minecraft:enchanted_book":4,"inventorypets:nugget_lapis":7,"minecraft:shield":1,"minecraft:cornflower":4,"minecraft:iron_axe":1,"minecraft:flint_and_steel":1,"minecraft:armor_stand":2,"minecraft:compass":1,"minecraft:spruce_planks":35,"minecraft:written_book":1,"minecraft:iron_pickaxe":7,"minecraft:lectern":1,"minecraft:melon_slice":11,"minecraft:chest":3,"minecraft:egg":1,"minecraft:stick":79,"minecraft:torch":10,"minecraft:spruce_fence":2,"minecraft:diorite":26,"minecraft:golden_chestplate":3,"minecraft:arrow":4,"minecraft:rotten_flesh":3,"inventorypets:pet_sheep":1,"minecraft:cobblestone":434,"minecraft:enchanting_table":1,"minecraft:feather":13,"minecraft:andesite":6,"minecraft:black_bed":1,"minecraft:leather":10,"minecraft:potato":12,"minecraft:birch_planks":4,"minecraft:flint":1,"inventorypets:nugget_obsidian":2,"minecraft:oak_log":85,"minecraft:yellow_bed":3,"minecraft:map":1,"minecraft:lapis_lazuli":1,"minecraft:dirt":148,"minecraft:name_tag":18,"minecraft:bone":5,"minecraft:apple":9,"minecraft:wheat_seeds":526,"minecraft:iron_ingot":6,"minecraft:iron_ore":18,"minecraft:oak_planks":315,"minecraft:iron_sword":4,"minecraft:pumpkin":1,"minecraft:sweet_berries":4,"minecraft:dandelion":1,"minecraft:poisonous_potato":3,"minecraft:gravel":5,"minecraft:melon":11,"minecraft:spruce_sapling":2,"minecraft:ink_sac":4,"minecraft:spruce_log":40,"alexsmobs:animal_dictionary":2,"minecraft:firework_rocket":5,"minecraft:granite":23,"minecraft:emerald":1,"minecraft:bread":36,"minecraft:oak_sapling":130,"minecraft:coal":30,"minecraft:oak_leaves":8,"minecraft:sunflower":26}},"DataVersion":2586}