{"stats":{"minecraft:dropped":{"minecraft:gravel":1,"minecraft:bread":42,"minecraft:crimson_fungus":1,"minecraft:wheat_seeds":192,"minecraft:cobblestone":38,"minecraft:leather":8,"minecraft:stick":2,"minecraft:iron_axe":1,"minecraft:paper":6,"minecraft:firework_rocket":2},"minecraft:killed":{"minecraft:spider":1,"minecraft:iron_golem":1,"minecraft:skeleton":1,"minecraft:zombie":3,"minecraft:silverfish":1,"minecraft:cow":1},"minecraft:custom":{"minecraft:interact_with_furnace":4,"minecraft:mob_kills":8,"minecraft:interact_with_crafting_table":7,"minecraft:open_barrel":1,"minecraft:play_one_minute":110131,"minecraft:leave_game":1,"minecraft:time_since_death":11765,"minecraft:climb_one_cm":11265,"minecraft:time_since_rest":11794,"minecraft:sprint_one_cm":241627,"minecraft:damage_taken":2272,"minecraft:walk_one_cm":274570,"minecraft:damage_blocked_by_shield":180,"minecraft:drop":15,"minecraft:damage_dealt":2382,"minecraft:fly_one_cm":258628,"minecraft:open_chest":21,"minecraft:crouch_one_cm":3775,"minecraft:deaths":7,"minecraft:sneak_time":2246,"minecraft:interact_with_lectern":1,"minecraft:jump":1580,"minecraft:walk_on_water_one_cm":1864,"minecraft:fall_one_cm":35159,"minecraft:horse_one_cm":6359},"minecraft:mined":{"minecraft:red_carpet":2,"minecraft:acacia_leaves":2,"minecraft:scaffolding":1,"minecraft:oak_sapling":1,"endrem:fake_stone":4,"minecraft:cornflower":3,"minecraft:ladder":2,"minecraft:granite":13,"minecraft:grass_block":14,"minecraft:chest":1,"minecraft:lectern":1,"minecraft:tall_grass":14,"minecraft:cobblestone":4,"minecraft:oak_planks":6,"minecraft:diorite":16,"minecraft:iron_ore":11,"minecraft:wheat":103,"minecraft:andesite":6,"minecraft:birch_leaves":5,"treechop:chopped_log":19,"minecraft:black_bed":1,"minecraft:azure_bluet":1,"minecraft:yellow_bed":1,"minecraft:enchanting_table":1,"minecraft:grass":44,"minecraft:coal_ore":1,"minecraft:oak_log":40,"minecraft:rail":2,"minecraft:sunflower":5,"minecraft:gravel":12,"minecraft:dirt":26,"minecraft:stone_bricks":6,"minecraft:stone":312,"minecraft:oak_leaves":493},"minecraft:used":{"minecraft:oak_planks":234,"minecraft:ender_pearl":1,"minecraft:chest":1,"minecraft:shield":4,"minecraft:iron_sword":86,"minecraft:dirt":31,"minecraft:crafting_table":1,"minecraft:granite":8,"minecraft:cornflower":3,"minecraft:apple":5,"minecraft:bread":3,"minecraft:iron_pickaxe":520,"minecraft:rabbit_stew":2,"minecraft:cobblestone":37,"minecraft:oak_sapling":11,"minecraft:poisonous_potato":1,"minecraft:yellow_bed":1,"alexsmobs:animal_dictionary":1,"minecraft:brown_bed":1},"minecraft:killed_by":{"minecraft:silverfish":3,"minecraft:skeleton":1,"minecraft:creeper":1,"minecraft:zombie":1,"guardvillagers:guard":1},"minecraft:crafted":{"minecraft:oak_planks":196,"minecraft:crafting_table":2,"minecraft:bread":37,"minecraft:iron_axe":2,"minecraft:iron_pickaxe":1,"minecraft:iron_ingot":11,"minecraft:chest":1},"minecraft:picked_up":{"minecraft:enchanting_table":1,"minecraft:feather":13,"minecraft:charcoal":52,"minecraft:crafting_table":1,"minecraft:wheat":158,"minecraft:azure_bluet":3,"minecraft:ladder":6,"minecraft:andesite":6,"minecraft:rabbit_stew":11,"minecraft:leather":10,"minecraft:black_bed":1,"backpacked:backpack":1,"minecraft:potato":12,"minecraft:brown_bed":2,"minecraft:enchanted_book":4,"minecraft:flint":1,"inventorypets:nugget_obsidian":2,"minecraft:oak_log":49,"minecraft:yellow_bed":2,"minecraft:shield":1,"minecraft:map":1,"minecraft:cornflower":3,"minecraft:dirt":46,"minecraft:iron_axe":1,"minecraft:flint_and_steel":1,"minecraft:name_tag":18,"minecraft:armor_stand":2,"minecraft:compass":1,"minecraft:bone":2,"minecraft:apple":8,"minecraft:wheat_seeds":508,"minecraft:iron_ingot":6,"minecraft:iron_ore":15,"minecraft:written_book":1,"minecraft:iron_pickaxe":6,"minecraft:lectern":1,"minecraft:chest":3,"minecraft:iron_sword":4,"minecraft:oak_planks":214,"minecraft:stick":65,"minecraft:poisonous_potato":3,"minecraft:gravel":5,"minecraft:melon":11,"minecraft:ink_sac":4,"minecraft:diorite":26,"minecraft:golden_chestplate":3,"alexsmobs:animal_dictionary":2,"minecraft:firework_rocket":5,"minecraft:arrow":4,"minecraft:rotten_flesh":3,"minecraft:granite":21,"minecraft:emerald":1,"minecraft:bread":36,"minecraft:oak_sapling":94,"minecraft:oak_leaves":8,"inventorypets:pet_sheep":1,"minecraft:cobblestone":389,"minecraft:sunflower":23}},"DataVersion":2586}