{"stats":{"minecraft:custom":{"minecraft:mob_kills":20,"minecraft:interact_with_anvil":6,"minecraft:interact_with_crafting_table":18,"minecraft:open_barrel":1,"minecraft:leave_game":6,"minecraft:time_since_death":24166,"minecraft:climb_one_cm":11265,"minecraft:sprint_one_cm":432668,"minecraft:walk_one_cm":579255,"minecraft:damage_blocked_by_shield":1790,"minecraft:drop":32,"minecraft:deaths":12,"minecraft:sneak_time":4300,"minecraft:walk_under_water_one_cm":19045,"minecraft:interact_with_lectern":1,"minecraft:jump":3773,"minecraft:walk_on_water_one_cm":10395,"minecraft:interact_with_furnace":11,"minecraft:play_one_minute":215134,"minecraft:sleep_in_bed":2,"minecraft:time_since_rest":10158,"minecraft:damage_taken":3978,"minecraft:damage_dealt":5395,"minecraft:swim_one_cm":2051,"minecraft:fly_one_cm":531604,"minecraft:open_chest":32,"minecraft:crouch_one_cm":7243,"minecraft:fall_one_cm":80354,"minecraft:horse_one_cm":6359},"minecraft:mined":{"minecraft:red_carpet":2,"minecraft:oak_sapling":1,"endrem:fake_stone":4,"minecraft:ladder":2,"minecraft:granite":19,"minecraft:grass_block":103,"minecraft:spruce_fence":2,"minecraft:spruce_leaves":326,"minecraft:large_fern":4,"minecraft:iron_ore":50,"minecraft:andesite":18,"minecraft:stripped_spruce_log":1,"minecraft:pumpkin":1,"treechop:chopped_log":67,"minecraft:azure_bluet":3,"minecraft:enchanting_table":1,"minecraft:rail":2,"minecraft:stone":481,"minecraft:acacia_leaves":2,"minecraft:scaffolding":1,"minecraft:dandelion":1,"minecraft:cornflower":4,"minecraft:melon":2,"minecraft:chest":1,"minecraft:lectern":1,"minecraft:tall_grass":44,"minecraft:cobblestone":6,"minecraft:oak_planks":51,"minecraft:diorite":21,"minecraft:birch_planks":3,"minecraft:wheat":103,"minecraft:spruce_log":41,"minecraft:birch_leaves":14,"minecraft:black_bed":1,"minecraft:yellow_bed":2,"minecraft:grass":194,"minecraft:oak_log":76,"minecraft:coal_ore":93,"minecraft:sunflower":8,"minecraft:gravel":13,"minecraft:dirt":65,"minecraft:stone_bricks":6,"minecraft:oak_leaves":758},"minecraft:dropped":{"minecraft:bread":42,"minecraft:wheat_seeds":192,"minecraft:cobblestone":38,"minecraft:leather":8,"minecraft:granite":8,"minecraft:stick":2,"minecraft:flint":1,"minecraft:map":1,"minecraft:iron_axe":1,"minecraft:paper":6,"minecraft:spruce_sapling":2,"minecraft:bone":3,"minecraft:gravel":1,"minecraft:crimson_fungus":1,"minecraft:oak_planks":151,"minecraft:azure_bluet":2,"minecraft:spruce_planks":160,"minecraft:oak_sapling":57,"minecraft:firework_rocket":2},"minecraft:picked_up":{"minecraft:crafting_table":1,"minecraft:charcoal":52,"minecraft:iron_chestplate":1,"minecraft:wheat":158,"minecraft:azure_bluet":7,"minecraft:ladder":6,"minecraft:rabbit_stew":11,"backpacked:backpack":1,"minecraft:brown_bed":2,"minecraft:enchanted_book":4,"inventorypets:nugget_lapis":7,"minecraft:shield":2,"minecraft:cornflower":4,"minecraft:string":6,"minecraft:iron_axe":2,"minecraft:flint_and_steel":1,"minecraft:armor_stand":2,"minecraft:iron_leggings":1,"minecraft:compass":1,"minecraft:spruce_planks":35,"minecraft:beef":9,"minecraft:written_book":1,"minecraft:iron_pickaxe":7,"minecraft:lectern":1,"minecraft:melon_slice":11,"minecraft:chest":3,"minecraft:egg":2,"minecraft:iron_boots":1,"minecraft:stick":79,"minecraft:torch":10,"minecraft:bowl":2,"minecraft:spruce_fence":2,"minecraft:diorite":31,"minecraft:golden_chestplate":3,"minecraft:arrow":10,"minecraft:rotten_flesh":3,"inventorypets:pet_sheep":1,"minecraft:cobblestone":557,"minecraft:enchanting_table":1,"minecraft:feather":13,"minecraft:andesite":19,"minecraft:black_bed":1,"minecraft:leather":10,"minecraft:potato":12,"minecraft:birch_planks":4,"minecraft:flint":1,"inventorypets:nugget_obsidian":2,"minecraft:oak_log":85,"minecraft:yellow_bed":3,"minecraft:map":1,"minecraft:lapis_lazuli":1,"minecraft:dirt":206,"minecraft:name_tag":18,"minecraft:bone":11,"minecraft:apple":9,"minecraft:wheat_seeds":542,"minecraft:iron_ingot":8,"minecraft:iron_ore":63,"minecraft:iron_sword":4,"minecraft:oak_planks":319,"minecraft:pumpkin":1,"minecraft:sweet_berries":7,"minecraft:dandelion":2,"minecraft:poisonous_potato":3,"minecraft:gravel":6,"minecraft:melon":11,"minecraft:spruce_sapling":2,"minecraft:ink_sac":4,"minecraft:spruce_log":40,"alexsmobs:animal_dictionary":2,"minecraft:spider_eye":4,"minecraft:firework_rocket":5,"minecraft:iron_helmet":1,"minecraft:granite":27,"minecraft:emerald":1,"minecraft:bread":44,"minecraft:oak_sapling":132,"minecraft:coal":113,"minecraft:oak_leaves":8,"minecraft:sunflower":29},"minecraft:killed":{"minecraft:spider":3,"minecraft:skeleton":3,"minecraft:silverfish":1,"minecraft:iron_golem":1,"minecraft:zombie":6,"minecraft:cow":3},"minecraft:crafted":{"minecraft:oak_planks":340,"minecraft:spruce_fence":21,"minecraft:iron_axe":2,"minecraft:chest":1,"minecraft:crafting_table":2,"minecraft:spruce_planks":160,"minecraft:bread":37,"minecraft:spruce_trapdoor":2,"minecraft:shield":1,"minecraft:stick":4,"minecraft:iron_ingot":19,"minecraft:iron_pickaxe":3,"minecraft:iron_shovel":1,"minecraft:lapis_lazuli":1},"minecraft:broken":{"minecraft:iron_pickaxe":1},"minecraft:killed_by":{"minecraft:creeper":1,"minecraft:silverfish":3,"minecraft:skeleton":2,"minecraft:zombie":4,"evolved_rpg:deep_crowler":1,"guardvillagers:guard":1},"minecraft:used":{"minecraft:iron_shovel":83,"minecraft:melon":2,"minecraft:chest":1,"minecraft:shield":81,"minecraft:iron_sword":173,"minecraft:torch":5,"minecraft:dirt":167,"minecraft:granite":8,"minecraft:spruce_fence":19,"minecraft:iron_axe":199,"minecraft:rabbit_stew":2,"minecraft:sweet_berries":8,"minecraft:oak_sapling":12,"minecraft:egg":2,"minecraft:brown_bed":1,"minecraft:birch_planks":1,"minecraft:oak_planks":322,"minecraft:ender_pearl":1,"minecraft:crafting_table":1,"minecraft:spider_eye":1,"minecraft:apple":6,"minecraft:cornflower":3,"minecraft:bread":10,"minecraft:melon_slice":4,"minecraft:iron_pickaxe":882,"minecraft:spruce_trapdoor":2,"minecraft:cobblestone":174,"minecraft:andesite":4,"minecraft:poisonous_potato":1,"minecraft:yellow_bed":1,"alexsmobs:animal_dictionary":1}},"DataVersion":2586}