{"stats":{"minecraft:killed_by":{"minecraft:creeper":1,"minecraft:silverfish":3,"minecraft:skeleton":1,"minecraft:zombie":1,"guardvillagers:guard":1},"minecraft:picked_up":{"minecraft:charcoal":52,"minecraft:crafting_table":1,"minecraft:wheat":158,"minecraft:azure_bluet":3,"minecraft:ladder":6,"minecraft:rabbit_stew":11,"backpacked:backpack":1,"minecraft:brown_bed":2,"minecraft:enchanted_book":4,"minecraft:shield":1,"minecraft:cornflower":3,"minecraft:iron_axe":1,"minecraft:flint_and_steel":1,"minecraft:armor_stand":2,"minecraft:compass":1,"minecraft:spruce_planks":35,"minecraft:written_book":1,"minecraft:iron_pickaxe":6,"minecraft:lectern":1,"minecraft:chest":3,"minecraft:stick":79,"minecraft:torch":10,"minecraft:spruce_fence":2,"minecraft:diorite":26,"minecraft:golden_chestplate":3,"minecraft:arrow":4,"minecraft:rotten_flesh":3,"inventorypets:pet_sheep":1,"minecraft:cobblestone":414,"minecraft:enchanting_table":1,"minecraft:feather":13,"minecraft:andesite":6,"minecraft:black_bed":1,"minecraft:leather":10,"minecraft:potato":12,"minecraft:flint":1,"inventorypets:nugget_obsidian":2,"minecraft:oak_log":83,"minecraft:yellow_bed":2,"minecraft:map":1,"minecraft:dirt":136,"minecraft:name_tag":18,"minecraft:bone":5,"minecraft:apple":9,"minecraft:wheat_seeds":511,"minecraft:iron_ingot":6,"minecraft:iron_ore":15,"minecraft:oak_planks":315,"minecraft:iron_sword":4,"minecraft:pumpkin":1,"minecraft:poisonous_potato":3,"minecraft:gravel":5,"minecraft:melon":11,"minecraft:spruce_sapling":2,"minecraft:ink_sac":4,"minecraft:spruce_log":40,"alexsmobs:animal_dictionary":2,"minecraft:firework_rocket":5,"minecraft:granite":23,"minecraft:emerald":1,"minecraft:bread":36,"minecraft:oak_sapling":130,"minecraft:oak_leaves":8,"minecraft:sunflower":23},"minecraft:used":{"minecraft:iron_shovel":83,"minecraft:chest":1,"minecraft:shield":4,"minecraft:iron_sword":86,"minecraft:torch":5,"minecraft:dirt":53,"minecraft:spruce_fence":19,"minecraft:granite":8,"minecraft:iron_axe":172,"minecraft:rabbit_stew":2,"minecraft:oak_sapling":11,"minecraft:brown_bed":1,"minecraft:oak_planks":307,"minecraft:ender_pearl":1,"minecraft:crafting_table":1,"minecraft:cornflower":3,"minecraft:apple":6,"minecraft:bread":3,"minecraft:iron_pickaxe":545,"minecraft:spruce_trapdoor":2,"minecraft:cobblestone":57,"minecraft:poisonous_potato":1,"minecraft:yellow_bed":1,"alexsmobs:animal_dictionary":1},"minecraft:mined":{"minecraft:red_carpet":2,"minecraft:oak_sapling":1,"endrem:fake_stone":4,"minecraft:ladder":2,"minecraft:granite":15,"minecraft:grass_block":92,"minecraft:spruce_fence":2,"minecraft:spruce_leaves":325,"minecraft:iron_ore":11,"minecraft:andesite":6,"minecraft:stripped_spruce_log":1,"minecraft:pumpkin":1,"treechop:chopped_log":64,"minecraft:azure_bluet":1,"minecraft:enchanting_table":1,"minecraft:rail":2,"minecraft:stone":333,"minecraft:acacia_leaves":2,"minecraft:scaffolding":1,"minecraft:cornflower":3,"minecraft:chest":1,"minecraft:lectern":1,"minecraft:tall_grass":14,"minecraft:cobblestone":5,"minecraft:oak_planks":49,"minecraft:diorite":16,"minecraft:wheat":103,"minecraft:spruce_log":41,"minecraft:birch_leaves":14,"minecraft:black_bed":1,"minecraft:yellow_bed":1,"minecraft:grass":57,"minecraft:oak_log":74,"minecraft:coal_ore":1,"minecraft:sunflower":5,"minecraft:gravel":12,"minecraft:dirt":42,"minecraft:stone_bricks":6,"minecraft:oak_leaves":757},"minecraft:dropped":{"minecraft:bread":42,"minecraft:wheat_seeds":192,"minecraft:cobblestone":38,"minecraft:leather":8,"minecraft:granite":8,"minecraft:stick":2,"minecraft:flint":1,"minecraft:map":1,"minecraft:iron_axe":1,"minecraft:paper":6,"minecraft:spruce_sapling":2,"minecraft:bone":3,"minecraft:gravel":1,"minecraft:crimson_fungus":1,"minecraft:oak_planks":151,"minecraft:azure_bluet":2,"minecraft:spruce_planks":160,"minecraft:oak_sapling":57,"minecraft:firework_rocket":2},"minecraft:crafted":{"minecraft:oak_planks":332,"minecraft:spruce_fence":21,"minecraft:iron_axe":2,"minecraft:chest":1,"minecraft:crafting_table":2,"minecraft:spruce_planks":160,"minecraft:bread":37,"minecraft:spruce_trapdoor":2,"minecraft:iron_ingot":11,"minecraft:iron_pickaxe":1,"minecraft:iron_shovel":1},"minecraft:custom":{"minecraft:mob_kills":10,"minecraft:interact_with_crafting_table":11,"minecraft:open_barrel":1,"minecraft:leave_game":2,"minecraft:time_since_death":42093,"minecraft:climb_one_cm":11265,"minecraft:sprint_one_cm":266726,"minecraft:walk_one_cm":358716,"minecraft:damage_blocked_by_shield":180,"minecraft:drop":32,"minecraft:deaths":7,"minecraft:sneak_time":2943,"minecraft:walk_under_water_one_cm":2302,"minecraft:interact_with_lectern":1,"minecraft:jump":1924,"minecraft:walk_on_water_one_cm":4002,"minecraft:interact_with_furnace":5,"minecraft:play_one_minute":140459,"minecraft:time_since_rest":42122,"minecraft:damage_taken":2479,"minecraft:damage_dealt":3361,"minecraft:swim_one_cm":611,"minecraft:fly_one_cm":284068,"minecraft:open_chest":21,"minecraft:crouch_one_cm":4534,"minecraft:fall_one_cm":37636,"minecraft:horse_one_cm":6359},"minecraft:killed":{"minecraft:spider":1,"minecraft:skeleton":1,"minecraft:silverfish":1,"minecraft:iron_golem":1,"minecraft:zombie":5,"minecraft:cow":1}},"DataVersion":2586}