{"stats":{"minecraft:custom":{"minecraft:mob_kills":21,"minecraft:interact_with_anvil":6,"minecraft:interact_with_crafting_table":18,"minecraft:open_barrel":1,"minecraft:leave_game":6,"minecraft:time_since_death":8056,"minecraft:climb_one_cm":11701,"minecraft:sprint_one_cm":475808,"minecraft:walk_one_cm":613415,"minecraft:damage_blocked_by_shield":1830,"minecraft:drop":32,"minecraft:deaths":14,"minecraft:sneak_time":4361,"minecraft:walk_under_water_one_cm":19045,"minecraft:interact_with_lectern":1,"minecraft:jump":4148,"minecraft:walk_on_water_one_cm":11173,"minecraft:interact_with_furnace":11,"minecraft:play_one_minute":227134,"minecraft:sleep_in_bed":2,"minecraft:time_since_rest":8081,"minecraft:damage_taken":4473,"minecraft:damage_dealt":5586,"minecraft:swim_one_cm":2051,"minecraft:fly_one_cm":607818,"minecraft:open_chest":33,"minecraft:crouch_one_cm":7417,"minecraft:fall_one_cm":92364,"minecraft:horse_one_cm":6359},"minecraft:mined":{"minecraft:red_carpet":2,"minecraft:oak_sapling":1,"endrem:fake_stone":4,"minecraft:ladder":2,"minecraft:granite":19,"minecraft:grass_block":103,"minecraft:spruce_fence":2,"minecraft:spruce_leaves":326,"minecraft:large_fern":4,"minecraft:iron_ore":50,"minecraft:andesite":18,"minecraft:stripped_spruce_log":1,"minecraft:pumpkin":1,"treechop:chopped_log":67,"minecraft:azure_bluet":3,"minecraft:enchanting_table":1,"minecraft:rail":2,"minecraft:stone":481,"minecraft:acacia_leaves":2,"minecraft:scaffolding":1,"minecraft:dandelion":1,"minecraft:cornflower":4,"minecraft:melon":2,"minecraft:chest":1,"minecraft:lectern":1,"minecraft:tall_grass":49,"minecraft:cobblestone":6,"minecraft:oak_planks":51,"minecraft:diorite":21,"minecraft:birch_planks":3,"minecraft:wheat":103,"minecraft:spruce_log":41,"minecraft:birch_leaves":14,"minecraft:black_bed":1,"minecraft:yellow_bed":2,"minecraft:grass":220,"minecraft:oak_log":76,"minecraft:coal_ore":93,"minecraft:sunflower":9,"minecraft:gravel":13,"minecraft:dirt":65,"minecraft:stone_bricks":6,"minecraft:oak_leaves":758},"minecraft:dropped":{"minecraft:bread":42,"minecraft:wheat_seeds":192,"minecraft:cobblestone":38,"minecraft:leather":8,"minecraft:granite":8,"minecraft:stick":2,"minecraft:flint":1,"minecraft:map":1,"minecraft:iron_axe":1,"minecraft:paper":6,"minecraft:spruce_sapling":2,"minecraft:bone":3,"minecraft:gravel":1,"minecraft:crimson_fungus":1,"minecraft:oak_planks":151,"minecraft:azure_bluet":2,"minecraft:spruce_planks":160,"minecraft:oak_sapling":57,"minecraft:firework_rocket":2},"minecraft:picked_up":{"minecraft:crafting_table":1,"minecraft:charcoal":52,"minecraft:iron_chestplate":3,"minecraft:wheat":158,"minecraft:azure_bluet":8,"minecraft:ladder":6,"minecraft:rabbit_stew":11,"backpacked:backpack":1,"minecraft:brown_bed":2,"minecraft:enchanted_book":4,"inventorypets:nugget_lapis":7,"minecraft:shield":4,"minecraft:cornflower":4,"minecraft:string":12,"minecraft:iron_axe":4,"minecraft:flint_and_steel":1,"minecraft:armor_stand":2,"minecraft:iron_leggings":3,"minecraft:compass":1,"minecraft:spruce_planks":37,"minecraft:beef":15,"minecraft:written_book":1,"minecraft:iron_pickaxe":11,"minecraft:lectern":1,"minecraft:melon_slice":11,"minecraft:chest":3,"minecraft:egg":2,"minecraft:iron_boots":3,"minecraft:stick":81,"minecraft:torch":13,"minecraft:bowl":4,"minecraft:spruce_fence":2,"minecraft:diorite":31,"minecraft:golden_chestplate":3,"minecraft:arrow":16,"minecraft:rotten_flesh":12,"inventorypets:pet_sheep":1,"minecraft:cobblestone":795,"minecraft:enchanting_table":1,"minecraft:feather":13,"minecraft:andesite":26,"minecraft:black_bed":1,"minecraft:leather":10,"minecraft:potato":12,"minecraft:birch_planks":4,"minecraft:flint":1,"inventorypets:nugget_obsidian":2,"minecraft:oak_log":87,"minecraft:yellow_bed":3,"minecraft:map":1,"minecraft:lapis_lazuli":1,"minecraft:dirt":220,"minecraft:name_tag":30,"minecraft:bone":20,"minecraft:apple":9,"minecraft:wheat_seeds":571,"minecraft:iron_ingot":10,"minecraft:iron_ore":63,"minecraft:iron_sword":4,"minecraft:oak_planks":319,"minecraft:pumpkin":1,"minecraft:sweet_berries":13,"minecraft:dandelion":7,"minecraft:poisonous_potato":3,"minecraft:gravel":8,"minecraft:melon":11,"minecraft:spruce_sapling":2,"minecraft:ink_sac":4,"minecraft:spruce_log":44,"alexsmobs:animal_dictionary":2,"minecraft:spider_eye":6,"minecraft:firework_rocket":5,"minecraft:iron_helmet":2,"minecraft:granite":35,"minecraft:emerald":1,"minecraft:bread":44,"minecraft:oak_sapling":132,"minecraft:coal":189,"minecraft:oak_leaves":8,"minecraft:sunflower":36},"minecraft:killed":{"minecraft:spider":3,"minecraft:skeleton":3,"minecraft:silverfish":1,"minecraft:iron_golem":1,"minecraft:zombie":6,"minecraft:cow":3},"minecraft:crafted":{"minecraft:oak_planks":340,"minecraft:spruce_fence":21,"minecraft:iron_axe":2,"minecraft:chest":1,"minecraft:crafting_table":2,"minecraft:spruce_planks":160,"minecraft:bread":37,"minecraft:spruce_trapdoor":2,"minecraft:shield":1,"minecraft:stick":4,"minecraft:iron_ingot":19,"minecraft:iron_pickaxe":3,"minecraft:iron_shovel":1,"minecraft:lapis_lazuli":1},"minecraft:broken":{"minecraft:iron_pickaxe":1},"minecraft:killed_by":{"minecraft:player":2,"minecraft:creeper":1,"minecraft:silverfish":3,"minecraft:skeleton":2,"minecraft:zombie":4,"evolved_rpg:deep_crowler":1,"guardvillagers:guard":1},"minecraft:used":{"minecraft:iron_shovel":83,"minecraft:melon":2,"minecraft:chest":1,"minecraft:shield":82,"minecraft:iron_sword":173,"minecraft:torch":5,"minecraft:dirt":198,"minecraft:granite":8,"minecraft:spruce_fence":19,"minecraft:iron_axe":223,"minecraft:rabbit_stew":2,"minecraft:beef":1,"minecraft:sweet_berries":11,"minecraft:oak_sapling":12,"minecraft:egg":2,"minecraft:brown_bed":1,"minecraft:birch_planks":1,"minecraft:oak_planks":322,"minecraft:ender_pearl":1,"minecraft:crafting_table":1,"minecraft:spider_eye":1,"minecraft:apple":6,"minecraft:cornflower":3,"minecraft:bread":10,"minecraft:melon_slice":4,"minecraft:iron_pickaxe":901,"minecraft:spruce_trapdoor":2,"minecraft:cobblestone":174,"minecraft:andesite":4,"minecraft:poisonous_potato":1,"minecraft:yellow_bed":1,"alexsmobs:animal_dictionary":1}},"DataVersion":2586}