{"stats":{"minecraft:custom":{"minecraft:interact_with_anvil":7,"minecraft:mob_kills":21,"minecraft:interact_with_crafting_table":18,"minecraft:open_barrel":1,"minecraft:leave_game":8,"minecraft:time_since_death":11821,"minecraft:climb_one_cm":11957,"minecraft:sprint_one_cm":506639,"minecraft:walk_one_cm":682946,"minecraft:damage_blocked_by_shield":1830,"minecraft:drop":36,"minecraft:deaths":15,"minecraft:sneak_time":4451,"minecraft:walk_under_water_one_cm":19444,"minecraft:interact_with_lectern":1,"minecraft:jump":4557,"minecraft:walk_on_water_one_cm":11338,"minecraft:interact_with_furnace":11,"minecraft:play_one_minute":242013,"minecraft:sleep_in_bed":3,"minecraft:time_since_rest":7585,"minecraft:damage_taken":4658,"minecraft:damage_dealt":5660,"minecraft:swim_one_cm":2051,"minecraft:fly_one_cm":662762,"minecraft:open_chest":34,"minecraft:crouch_one_cm":7629,"minecraft:fall_one_cm":103771,"minecraft:horse_one_cm":6359},"minecraft:mined":{"minecraft:red_carpet":2,"minecraft:spruce_planks":1,"minecraft:oak_sapling":1,"endrem:fake_stone":4,"minecraft:ladder":2,"minecraft:granite":19,"minecraft:grass_block":103,"minecraft:spruce_fence":2,"minecraft:spruce_leaves":326,"minecraft:large_fern":4,"minecraft:iron_ore":50,"minecraft:andesite":18,"minecraft:stripped_spruce_log":1,"minecraft:pumpkin":1,"treechop:chopped_log":67,"minecraft:azure_bluet":3,"minecraft:enchanting_table":1,"minecraft:vine":4,"minecraft:rail":2,"minecraft:stone":481,"minecraft:acacia_leaves":2,"minecraft:scaffolding":1,"minecraft:dandelion":1,"minecraft:cornflower":4,"minecraft:torch":1,"minecraft:melon":2,"minecraft:chest":2,"minecraft:lectern":1,"minecraft:tall_grass":51,"minecraft:cobblestone":13,"minecraft:oak_planks":51,"minecraft:diorite":21,"minecraft:wall_torch":2,"minecraft:birch_planks":3,"minecraft:wheat":103,"minecraft:spruce_log":41,"minecraft:birch_leaves":15,"minecraft:black_bed":1,"minecraft:yellow_bed":2,"minecraft:grass":222,"minecraft:oak_log":76,"minecraft:coal_ore":93,"minecraft:sunflower":9,"minecraft:gravel":13,"minecraft:dirt":67,"minecraft:stone_bricks":6,"minecraft:oak_leaves":758},"minecraft:dropped":{"minecraft:bread":45,"minecraft:wheat_seeds":192,"minecraft:cobblestone":38,"minecraft:leather":8,"minecraft:granite":8,"minecraft:flint":1,"minecraft:stick":2,"minecraft:map":1,"minecraft:iron_axe":1,"minecraft:iron_pickaxe":1,"minecraft:paper":6,"minecraft:spruce_sapling":2,"minecraft:bone":14,"minecraft:gravel":1,"minecraft:crimson_fungus":1,"minecraft:oak_planks":151,"minecraft:name_tag":3,"minecraft:azure_bluet":2,"minecraft:spruce_planks":160,"minecraft:oak_sapling":57,"minecraft:firework_rocket":2},"minecraft:picked_up":{"minecraft:crafting_table":1,"minecraft:charcoal":52,"minecraft:iron_chestplate":4,"minecraft:wheat":158,"minecraft:azure_bluet":8,"minecraft:ladder":6,"minecraft:rabbit_stew":11,"evolved_rpg:shadestone_shard":1,"backpacked:backpack":1,"minecraft:brown_bed":2,"minecraft:enchanted_book":4,"inventorypets:nugget_lapis":7,"minecraft:shield":6,"minecraft:cornflower":4,"minecraft:string":15,"minecraft:iron_axe":6,"minecraft:flint_and_steel":1,"minecraft:iron_leggings":4,"minecraft:armor_stand":2,"minecraft:compass":1,"minecraft:iron_shovel":1,"minecraft:spruce_planks":39,"minecraft:beef":15,"minecraft:written_book":1,"minecraft:iron_pickaxe":14,"minecraft:lectern":1,"minecraft:melon_slice":11,"minecraft:chest":4,"minecraft:birch_sapling":1,"minecraft:iron_boots":5,"minecraft:egg":2,"minecraft:stick":145,"minecraft:oak_door":1,"minecraft:torch":15,"minecraft:bowl":5,"minecraft:spruce_fence":2,"minecraft:diorite":31,"minecraft:golden_chestplate":3,"minecraft:arrow":23,"minecraft:rotten_flesh":18,"inventorypets:pet_sheep":1,"minecraft:cobblestone":918,"minecraft:enchanting_table":1,"minecraft:feather":13,"minecraft:water_bucket":1,"minecraft:andesite":26,"minecraft:black_bed":1,"minecraft:leather":13,"minecraft:potato":12,"minecraft:birch_planks":4,"minecraft:flint":1,"inventorypets:nugget_obsidian":2,"minecraft:oak_log":88,"minecraft:yellow_bed":3,"minecraft:map":1,"minecraft:lapis_lazuli":41,"minecraft:dirt":226,"minecraft:name_tag":34,"minecraft:bone":31,"minecraft:apple":12,"minecraft:wheat_seeds":587,"minecraft:iron_ingot":11,"minecraft:iron_ore":63,"minecraft:iron_sword":4,"minecraft:oak_planks":326,"minecraft:pumpkin":1,"minecraft:sweet_berries":13,"minecraft:dandelion":7,"minecraft:poisonous_potato":3,"minecraft:gravel":9,"minecraft:melon":11,"minecraft:spruce_sapling":2,"minecraft:ink_sac":4,"minecraft:spruce_log":44,"alexsmobs:animal_dictionary":3,"minecraft:spider_eye":7,"minecraft:firework_rocket":5,"minecraft:iron_helmet":4,"minecraft:granite":42,"minecraft:emerald":1,"minecraft:bread":52,"minecraft:oak_sapling":136,"minecraft:coal":227,"minecraft:oak_leaves":8,"minecraft:sunflower":36},"minecraft:killed":{"minecraft:spider":3,"minecraft:skeleton":3,"minecraft:silverfish":1,"minecraft:iron_golem":1,"minecraft:zombie":7,"minecraft:cow":3},"minecraft:crafted":{"minecraft:oak_planks":344,"minecraft:spruce_fence":21,"minecraft:iron_axe":2,"minecraft:chest":1,"minecraft:crafting_table":2,"minecraft:spruce_planks":160,"minecraft:bread":37,"minecraft:spruce_trapdoor":2,"minecraft:shield":1,"minecraft:stick":4,"minecraft:iron_ingot":19,"minecraft:iron_pickaxe":3,"minecraft:iron_shovel":1,"minecraft:lapis_lazuli":1},"minecraft:broken":{"minecraft:iron_pickaxe":1},"minecraft:killed_by":{"minecraft:player":2,"minecraft:creeper":1,"minecraft:silverfish":3,"minecraft:skeleton":2,"minecraft:zombie":4,"evolved_rpg:deep_crowler":1,"guardvillagers:guard":1},"minecraft:used":{"minecraft:iron_shovel":83,"minecraft:melon":2,"minecraft:chest":1,"minecraft:shield":82,"minecraft:iron_sword":173,"minecraft:torch":6,"minecraft:dirt":198,"minecraft:granite":8,"minecraft:spruce_fence":19,"minecraft:iron_axe":233,"minecraft:rabbit_stew":2,"minecraft:beef":1,"minecraft:sweet_berries":11,"minecraft:oak_sapling":12,"minecraft:egg":2,"minecraft:brown_bed":1,"minecraft:birch_planks":1,"minecraft:oak_planks":326,"minecraft:ender_pearl":1,"minecraft:crafting_table":1,"minecraft:spider_eye":1,"minecraft:apple":6,"minecraft:cornflower":3,"minecraft:bread":12,"minecraft:melon_slice":4,"minecraft:iron_pickaxe":908,"minecraft:spruce_trapdoor":2,"minecraft:cobblestone":238,"minecraft:andesite":4,"minecraft:poisonous_potato":1,"minecraft:yellow_bed":1,"alexsmobs:animal_dictionary":4}},"DataVersion":2586}