{"stat.useItem.minecraft.string":2,"stat.drop.minecraft.mutton":6,"stat.useItem.minecraft.iron_axe":7,"stat.leaveGame":4,"stat.mineBlock.minecraft.cobblestone":35,"stat.pickup.minecraft.flint":1,"stat.mineBlock.minecraft.yellow_flower":1,"stat.craftItem.minecraft.iron_axe":1,"stat.mineBlock.minecraft.brown_mushroom":4,"stat.mineBlock.minecraft.stained_glass_pane":5,"stat.mineBlock.minecraft.stained_glass":3,"stat.swimOneCm":1965,"stat.climbOneCm":28955,"stat.pickup.minecraft.porkchop":1,"stat.useItem.minecraft.dirt":3,"stat.useItem.minecraft.stone_slab2":18,"stat.craftItem.minecraft.furnace":1,"stat.entityKilledBy.Spider":1,"stat.craftItem.minecraft.iron_boots":1,"stat.pickup.minecraft.cobblestone_wall":1,"stat.craftItem.minecraft.stone_pickaxe":2,"stat.pickup.minecraft.cobblestone":399,"stat.flyOneCm":97270,"stat.pickup.minecraft.brown_mushroom":3,"stat.mineBlock.minecraft.iron_ore":31,"stat.timeSinceDeath":42418,"stat.useItem.minecraft.iron_pickaxe":250,"stat.pickup.minecraft.stained_hardened_clay":2,"stat.pickup.minecraft.mutton":7,"stat.pickup.minecraft.double_plant":2,"stat.pickup.minecraft.wooden_axe":1,"stat.mineBlock.minecraft.vine":1,"stat.furnaceInteraction":10,"stat.drop.minecraft.wool":1,"stat.mineBlock.minecraft.coal_ore":19,"stat.drop.minecraft.red_flower":1,"stat.pickup.minecraft.string":2,"stat.mineBlock.minecraft.ladder":1,"stat.useItem.minecraft.cooked_mutton":1,"stat.entityKilledBy.Skeleton":3,"stat.mineBlock.minecraft.stained_hardened_clay":2,"stat.sprintOneCm":105969,"stat.mineBlock.minecraft.stone_slab":9,"stat.pickup.tombstone.magic_scroll":1,"stat.craftItem.minecraft.stick":8,"stat.deaths":6,"stat.mineBlock.minecraft.planks":1,"stat.drop":16,"stat.playOneMinute":70866,"stat.killEntity.Sheep":2,"stat.drop.tombstone.grave_key":3,"stat.craftItem.minecraft.iron_pickaxe":1,"stat.killEntity.Zombie":1,"stat.drop.minecraft.iron_ingot":3,"stat.mineBlock.minecraft.gold_ore":8,"stat.mineBlock.minecraft.tallgrass":17,"stat.craftItem.minecraft.cooked_mutton":1,"stat.diveOneCm":272,"stat.chestOpened":6,"stat.pickup.minecraft.gravel":4,"stat.useItem.minecraft.porkchop":1,"stat.drop.minecraft.apple":1,"stat.jump":1263,"stat.pickup.minecraft.coal":19,"stat.fallOneCm":20868,"stat.crouchOneCm":323,"stat.craftItem.minecraft.iron_ingot":29,"stat.pickup.minecraft.dirt":37,"stat.craftItem.minecraft.iron_helmet":1,"stat.craftingTableInteraction":6,"stat.pickup.minecraft.iron_ore":31,"stat.useItem.minecraft.sapling":1,"stat.pickup.minecraft.gold_ore":8,"stat.pickup.minecraft.wooden_pickaxe":1,"stat.damageTaken":1960,"stat.mineBlock.minecraft.torch":7,"stat.useItem.minecraft.wooden_pickaxe":60,"stat.pickup.minecraft.planks":1,"tombstone:undead_killed":1,"stat.pickup.minecraft.wheat_seeds":1,"stat.entityKilledBy.Zombie":2,"stat.mineBlock.minecraft.gravel":5,"stat.useItem.minecraft.stone_pickaxe":262,"stat.mineBlock.minecraft.glass":3,"stat.craftItem.minecraft.iron_leggings":1,"stat.damageDealt":1282,"stat.sleepInBed":1,"stat.mineBlock.minecraft.dirt":39,"stat.killEntity.Pig":1,"stat.walkOneCm":304311,"stat.useItem.minecraft.bread":4,"stat.useItem.minecraft.cobblestone":126,"stat.craftItem.minecraft.crafting_table":1,"stat.mineBlock.minecraft.double_plant":1,"stat.pickup.minecraft.log":2,"stat.useItem.tombstone.gift":1,"stat.pickup.minecraft.stone":58,"stat.pickup.minecraft.sapling":4,"stat.pickup.minecraft.apple":1,"stat.craftItem.minecraft.planks":8,"stat.killEntity.Spider":1,"stat.mobKills":6,"stat.drop.tombstone.magic_scroll":1,"stat.mineBlock.minecraft.log":2,"stat.mineBlock.minecraft.leaves":33,"stat.pickup.minecraft.torch":10,"stat.pickup.minecraft.red_flower":1,"stat.sneakTime":114,"stat.pickup.minecraft.wool":3,"stat.mineBlock.minecraft.cobblestone_wall":2,"stat.useItem.minecraft.wooden_axe":35,"stat.pickup.minecraft.stone_slab":17,"stat.pickup.minecraft.yellow_flower":1,"stat.mineBlock.minecraft.stone":425}