{"stats":{"minecraft:custom":{"minecraft:open_chest":5,"minecraft:time_since_rest":14131,"minecraft:play_one_minute":14131,"minecraft:crouch_one_cm":1034,"minecraft:sprint_one_cm":46490,"minecraft:damage_taken":215,"minecraft:walk_one_cm":59059,"minecraft:sneak_time":623,"minecraft:jump":266,"minecraft:damage_dealt":157,"minecraft:leave_game":1,"minecraft:time_since_death":14131,"minecraft:walk_on_water_one_cm":644,"minecraft:interact_with_crafting_table":1,"minecraft:fly_one_cm":52849,"minecraft:fall_one_cm":6186,"minecraft:horse_one_cm":6359},"minecraft:mined":{"minecraft:grass":26,"minecraft:red_carpet":2,"minecraft:grass_block":3,"minecraft:oak_log":5,"minecraft:sunflower":5,"minecraft:dirt":2,"minecraft:tall_grass":1,"treechop:chopped_log":4,"minecraft:oak_leaves":56,"minecraft:cornflower":3},"minecraft:used":{"minecraft:dirt":5,"minecraft:cornflower":3,"minecraft:apple":1,"minecraft:oak_sapling":2,"minecraft:bread":3,"minecraft:oak_planks":20,"minecraft:iron_pickaxe":15,"alexsmobs:animal_dictionary":1},"minecraft:crafted":{"minecraft:oak_planks":24,"minecraft:crafting_table":1},"minecraft:picked_up":{"minecraft:stick":2,"minecraft:apple":1,"minecraft:wheat_seeds":1,"minecraft:oak_log":6,"minecraft:iron_pickaxe":1,"minecraft:oak_sapling":2,"minecraft:cornflower":3,"minecraft:dirt":5,"minecraft:sunflower":7}},"DataVersion":2586}