{"stats":{"minecraft:dropped":{"minecraft:gravel":1,"minecraft:bread":42,"minecraft:crimson_fungus":1,"minecraft:wheat_seeds":192,"minecraft:cobblestone":38,"minecraft:leather":8,"minecraft:stick":2,"minecraft:paper":6,"minecraft:firework_rocket":2},"minecraft:killed":{"minecraft:spider":1,"minecraft:iron_golem":1,"minecraft:skeleton":1,"minecraft:zombie":3,"minecraft:silverfish":1,"minecraft:cow":1},"minecraft:custom":{"minecraft:interact_with_furnace":3,"minecraft:mob_kills":8,"minecraft:interact_with_crafting_table":5,"minecraft:open_barrel":1,"minecraft:play_one_minute":86131,"minecraft:leave_game":1,"minecraft:time_since_death":2398,"minecraft:climb_one_cm":2201,"minecraft:time_since_rest":2438,"minecraft:sprint_one_cm":219935,"minecraft:damage_taken":1932,"minecraft:walk_one_cm":223246,"minecraft:damage_blocked_by_shield":180,"minecraft:drop":14,"minecraft:damage_dealt":2292,"minecraft:fly_one_cm":217288,"minecraft:open_chest":16,"minecraft:crouch_one_cm":2563,"minecraft:deaths":6,"minecraft:sneak_time":1914,"minecraft:interact_with_lectern":1,"minecraft:jump":1213,"minecraft:walk_on_water_one_cm":1864,"minecraft:fall_one_cm":30371,"minecraft:horse_one_cm":6359},"minecraft:mined":{"minecraft:red_carpet":2,"minecraft:acacia_leaves":2,"minecraft:scaffolding":1,"minecraft:oak_sapling":1,"endrem:fake_stone":4,"minecraft:cornflower":3,"minecraft:ladder":2,"minecraft:grass_block":5,"minecraft:chest":1,"minecraft:lectern":1,"minecraft:tall_grass":13,"minecraft:cobblestone":4,"minecraft:oak_planks":3,"minecraft:diorite":3,"minecraft:wheat":103,"minecraft:birch_leaves":5,"treechop:chopped_log":19,"minecraft:black_bed":1,"minecraft:yellow_bed":1,"minecraft:enchanting_table":1,"minecraft:grass":43,"minecraft:coal_ore":1,"minecraft:oak_log":40,"minecraft:rail":2,"minecraft:sunflower":5,"minecraft:gravel":10,"minecraft:dirt":8,"minecraft:stone_bricks":6,"minecraft:stone":109,"minecraft:oak_leaves":493},"minecraft:used":{"minecraft:oak_planks":134,"minecraft:shield":4,"minecraft:iron_sword":80,"minecraft:dirt":5,"minecraft:cornflower":3,"minecraft:apple":3,"minecraft:bread":3,"minecraft:iron_pickaxe":244,"minecraft:rabbit_stew":2,"minecraft:cobblestone":37,"minecraft:oak_sapling":11,"minecraft:poisonous_potato":1,"alexsmobs:animal_dictionary":1,"minecraft:brown_bed":1},"minecraft:killed_by":{"minecraft:silverfish":3,"minecraft:skeleton":1,"minecraft:zombie":1,"guardvillagers:guard":1},"minecraft:crafted":{"minecraft:oak_planks":196,"minecraft:crafting_table":1,"minecraft:bread":37,"minecraft:chest":1},"minecraft:picked_up":{"minecraft:enchanting_table":1,"minecraft:charcoal":52,"minecraft:crafting_table":1,"minecraft:wheat":154,"minecraft:ladder":5,"minecraft:rabbit_stew":11,"minecraft:leather":10,"minecraft:black_bed":1,"backpacked:backpack":1,"minecraft:potato":12,"minecraft:brown_bed":2,"minecraft:enchanted_book":4,"minecraft:oak_log":49,"minecraft:yellow_bed":2,"minecraft:shield":1,"minecraft:cornflower":3,"minecraft:dirt":5,"minecraft:iron_axe":1,"minecraft:flint_and_steel":1,"minecraft:name_tag":18,"minecraft:armor_stand":2,"minecraft:bone":1,"minecraft:apple":8,"minecraft:wheat_seeds":447,"minecraft:written_book":1,"minecraft:iron_pickaxe":4,"minecraft:lectern":1,"minecraft:chest":3,"minecraft:iron_sword":3,"minecraft:oak_planks":211,"minecraft:stick":48,"minecraft:poisonous_potato":3,"minecraft:gravel":1,"minecraft:ink_sac":4,"minecraft:golden_chestplate":2,"alexsmobs:animal_dictionary":2,"minecraft:firework_rocket":4,"minecraft:arrow":2,"minecraft:rotten_flesh":2,"minecraft:bread":36,"minecraft:oak_sapling":73,"minecraft:cobblestone":88,"minecraft:sunflower":23}},"DataVersion":2586}