{"stat.chestOpened":2,"stat.pickup.minecraft.double_plant":2,"stat.walkOneCm":104589,"stat.leaveGame":2,"stat.mineBlock.minecraft.yellow_flower":1,"stat.mineBlock.minecraft.double_plant":1,"stat.drop.minecraft.wool":1,"stat.mineBlock.minecraft.brown_mushroom":2,"stat.drop.minecraft.red_flower":1,"stat.mineBlock.minecraft.stained_glass_pane":3,"stat.mineBlock.minecraft.stained_glass":1,"stat.jump":426,"stat.swimOneCm":1806,"stat.fallOneCm":8769,"stat.climbOneCm":21923,"stat.useItem.tombstone.gift":1,"stat.entityKilledBy.Skeleton":2,"stat.pickup.minecraft.sapling":1,"stat.pickup.minecraft.dirt":5,"stat.sprintOneCm":55656,"stat.useItem.minecraft.stone_slab2":5,"stat.pickup.tombstone.magic_scroll":1,"stat.damageTaken":970,"stat.mobKills":2,"stat.drop.tombstone.magic_scroll":1,"stat.flyOneCm":57579,"stat.deaths":4,"stat.pickup.minecraft.wheat_seeds":1,"stat.drop":3,"stat.pickup.minecraft.brown_mushroom":1,"stat.mineBlock.minecraft.leaves":26,"stat.playOneMinute":19929,"stat.entityKilledBy.Zombie":2,"stat.killEntity.Sheep":1,"stat.pickup.minecraft.red_flower":1,"stat.mineBlock.minecraft.glass":3,"stat.sneakTime":43,"stat.pickup.minecraft.wool":2,"stat.damageDealt":358,"stat.timeSinceDeath":477,"stat.pickup.minecraft.yellow_flower":1,"stat.mineBlock.minecraft.dirt":7,"stat.mineBlock.minecraft.tallgrass":11,"stat.pickup.minecraft.mutton":1,"stat.diveOneCm":272}