{"stats":{"minecraft:dropped":{"minecraft:bread":13,"minecraft:crimson_fungus":1,"minecraft:stick":2},"minecraft:killed":{"minecraft:silverfish":1},"minecraft:custom":{"minecraft:time_since_rest":8480,"minecraft:sprint_one_cm":103953,"minecraft:damage_taken":1065,"minecraft:walk_one_cm":101929,"minecraft:mob_kills":1,"minecraft:drop":3,"minecraft:damage_dealt":382,"minecraft:interact_with_crafting_table":2,"minecraft:fly_one_cm":90278,"minecraft:open_chest":11,"minecraft:crouch_one_cm":2050,"minecraft:play_one_minute":26131,"minecraft:deaths":3,"minecraft:sneak_time":1026,"minecraft:interact_with_lectern":1,"minecraft:jump":506,"minecraft:leave_game":1,"minecraft:walk_on_water_one_cm":723,"minecraft:time_since_death":8453,"minecraft:climb_one_cm":1095,"minecraft:fall_one_cm":12595,"minecraft:horse_one_cm":6359},"minecraft:mined":{"minecraft:red_carpet":2,"minecraft:wheat":103,"minecraft:black_bed":1,"treechop:chopped_log":4,"minecraft:cornflower":3,"minecraft:enchanting_table":1,"minecraft:ladder":2,"minecraft:grass":26,"minecraft:grass_block":3,"minecraft:oak_log":5,"minecraft:chest":1,"minecraft:sunflower":5,"minecraft:lectern":1,"minecraft:dirt":2,"minecraft:tall_grass":1,"minecraft:stone_bricks":6,"minecraft:oak_leaves":56},"minecraft:used":{"minecraft:cornflower":3,"minecraft:apple":1,"minecraft:bread":3,"minecraft:iron_pickaxe":41,"minecraft:oak_planks":20,"minecraft:rabbit_stew":1,"minecraft:dirt":5,"minecraft:oak_sapling":2,"alexsmobs:animal_dictionary":1},"minecraft:killed_by":{"minecraft:silverfish":3},"minecraft:crafted":{"minecraft:oak_planks":24,"minecraft:crafting_table":1,"minecraft:bread":37},"minecraft:picked_up":{"minecraft:enchanting_table":1,"minecraft:charcoal":52,"minecraft:stick":6,"minecraft:crafting_table":1,"minecraft:wheat":123,"minecraft:ladder":2,"minecraft:rabbit_stew":11,"minecraft:black_bed":1,"minecraft:leather":9,"minecraft:poisonous_potato":2,"minecraft:potato":12,"minecraft:brown_bed":1,"minecraft:enchanted_book":4,"minecraft:oak_log":6,"minecraft:ink_sac":4,"alexsmobs:animal_dictionary":2,"minecraft:cornflower":3,"minecraft:dirt":5,"minecraft:name_tag":13,"minecraft:firework_rocket":2,"minecraft:apple":1,"minecraft:wheat_seeds":268,"minecraft:written_book":1,"minecraft:bread":22,"minecraft:iron_pickaxe":2,"minecraft:lectern":1,"minecraft:oak_sapling":2,"minecraft:chest":1,"minecraft:sunflower":23}},"DataVersion":2586}