{"stat.useItem.minecraft.string":2,"stat.leaveGame":4,"stat.mineBlock.minecraft.cobblestone":26,"stat.pickup.minecraft.flint":1,"stat.mineBlock.minecraft.yellow_flower":1,"stat.craftItem.minecraft.iron_axe":1,"stat.mineBlock.minecraft.brown_mushroom":4,"stat.mineBlock.minecraft.stained_glass_pane":5,"stat.mineBlock.minecraft.stained_glass":2,"stat.swimOneCm":1965,"stat.climbOneCm":25861,"stat.pickup.minecraft.porkchop":1,"stat.useItem.minecraft.dirt":3,"stat.useItem.minecraft.stone_slab2":13,"stat.craftItem.minecraft.furnace":1,"stat.entityKilledBy.Spider":1,"stat.craftItem.minecraft.iron_boots":1,"stat.pickup.minecraft.cobblestone_wall":1,"stat.craftItem.minecraft.stone_pickaxe":2,"stat.pickup.minecraft.cobblestone":343,"stat.flyOneCm":84359,"stat.pickup.minecraft.brown_mushroom":3,"stat.mineBlock.minecraft.iron_ore":26,"stat.timeSinceDeath":28092,"stat.useItem.minecraft.iron_pickaxe":173,"stat.pickup.minecraft.stained_hardened_clay":1,"stat.pickup.minecraft.mutton":3,"stat.pickup.minecraft.double_plant":2,"stat.pickup.minecraft.wooden_axe":1,"stat.mineBlock.minecraft.vine":1,"stat.furnaceInteraction":4,"stat.drop.minecraft.wool":1,"stat.mineBlock.minecraft.coal_ore":19,"stat.drop.minecraft.red_flower":1,"stat.pickup.minecraft.string":2,"stat.mineBlock.minecraft.ladder":1,"stat.entityKilledBy.Skeleton":3,"stat.mineBlock.minecraft.stained_hardened_clay":1,"stat.sprintOneCm":92316,"stat.mineBlock.minecraft.stone_slab":9,"stat.pickup.tombstone.magic_scroll":1,"stat.craftItem.minecraft.stick":8,"stat.deaths":6,"stat.drop":10,"stat.playOneMinute":56540,"stat.killEntity.Sheep":2,"stat.drop.tombstone.grave_key":3,"stat.craftItem.minecraft.iron_pickaxe":1,"stat.killEntity.Zombie":1,"stat.drop.minecraft.iron_ingot":3,"stat.mineBlock.minecraft.tallgrass":15,"stat.diveOneCm":272,"stat.chestOpened":6,"stat.pickup.minecraft.gravel":4,"stat.drop.minecraft.apple":1,"stat.jump":977,"stat.pickup.minecraft.coal":19,"stat.fallOneCm":15575,"stat.crouchOneCm":52,"stat.craftItem.minecraft.iron_ingot":26,"stat.pickup.minecraft.dirt":37,"stat.craftItem.minecraft.iron_helmet":1,"stat.craftingTableInteraction":5,"stat.pickup.minecraft.iron_ore":26,"stat.useItem.minecraft.sapling":1,"stat.pickup.minecraft.wooden_pickaxe":1,"stat.damageTaken":1626,"stat.mineBlock.minecraft.torch":1,"stat.useItem.minecraft.wooden_pickaxe":60,"tombstone:undead_killed":1,"stat.pickup.minecraft.wheat_seeds":1,"stat.entityKilledBy.Zombie":2,"stat.mineBlock.minecraft.gravel":5,"stat.useItem.minecraft.stone_pickaxe":262,"stat.mineBlock.minecraft.glass":3,"stat.craftItem.minecraft.iron_leggings":1,"stat.damageDealt":1010,"stat.mineBlock.minecraft.dirt":39,"stat.killEntity.Pig":1,"stat.walkOneCm":230500,"stat.useItem.minecraft.bread":1,"stat.useItem.minecraft.cobblestone":34,"stat.craftItem.minecraft.crafting_table":1,"stat.mineBlock.minecraft.double_plant":1,"stat.pickup.minecraft.log":2,"stat.useItem.tombstone.gift":1,"stat.pickup.minecraft.stone":52,"stat.pickup.minecraft.sapling":4,"stat.pickup.minecraft.apple":1,"stat.craftItem.minecraft.planks":8,"stat.mobKills":5,"stat.drop.tombstone.magic_scroll":1,"stat.mineBlock.minecraft.log":2,"stat.mineBlock.minecraft.leaves":31,"stat.pickup.minecraft.torch":2,"stat.pickup.minecraft.red_flower":1,"stat.sneakTime":66,"stat.pickup.minecraft.wool":3,"stat.mineBlock.minecraft.cobblestone_wall":1,"stat.useItem.minecraft.wooden_axe":35,"stat.pickup.minecraft.stone_slab":17,"stat.pickup.minecraft.yellow_flower":1,"stat.mineBlock.minecraft.stone":375}