{"stats":{"minecraft:killed_by":{"minecraft:zombie":2},"minecraft:picked_up":{"minecraft:wooden_sword":1,"cgm:basic_bullet":32,"nzgmaddon:revolver":1,"sophisticatedbackpacks:backpack":1},"minecraft:custom":{"minecraft:time_since_rest":2426,"minecraft:sprint_one_cm":3319,"minecraft:play_time":3766,"minecraft:deaths":2,"minecraft:damage_taken":590,"minecraft:walk_one_cm":11603,"minecraft:sneak_time":8,"minecraft:walk_under_water_one_cm":1274,"minecraft:jump":92,"minecraft:damage_dealt":80,"minecraft:leave_game":2,"minecraft:time_since_death":2259,"minecraft:walk_on_water_one_cm":1227,"minecraft:total_world_time":3766,"minecraft:swim_one_cm":3931,"minecraft:fall_one_cm":3998,"minecraft:fly_one_cm":5678},"minecraft:used":{"minecraft:wooden_sword":9},"minecraft:mined":{"minecraft:dead_bush":1,"minecraft:ice":2}},"DataVersion":3120}