{"stats":{"minecraft:picked_up":{"cgm:basic_bullet":46,"minecraft:acacia_log":7,"sophisticatedbackpacks:backpack":2,"minecraft:gunpowder":2,"minecraft:dirt":1,"alexsmobs:animal_dictionary":1,"minecraft:string":3,"minecraft:spider_eye":2,"minecraft:wooden_sword":3,"nzgmaddon:revolver":4,"minecraft:acacia_planks":1,"minecraft:bone":6,"minecraft:rotten_flesh":27,"minecraft:wheat_seeds":2,"minecraft:stone_pickaxe":1,"alexsmobs:emu_egg":2,"minecraft:bread":27,"minecraft:cobblestone":17},"minecraft:killed":{"minecraft:zombie":8},"minecraft:used":{"alexsmobs:emu_egg":2,"nzgmaddon:revolver":18,"minecraft:bread":5,"minecraft:stone_pickaxe":6,"minecraft:string":1,"minecraft:wooden_pickaxe":6,"minecraft:wooden_sword":24,"minecraft:cobblestone":7,"minecraft:crafting_table":1,"alexsmobs:animal_dictionary":1,"minecraft:acacia_planks":15},"minecraft:crafted":{"minecraft:crafting_table":1,"minecraft:stick":4,"minecraft:wooden_pickaxe":1,"minecraft:stone_pickaxe":1,"minecraft:acacia_planks":28},"minecraft:killed_by":{"minecraft:player":2,"minecraft:zombie":2},"minecraft:mined":{"minecraft:acacia_leaves":2,"minecraft:grass":17,"minecraft:acacia_log":7,"minecraft:grass_block":1,"projectvibrantjourneys:short_grass":10,"minecraft:acacia_planks":1,"minecraft:stone":10},"minecraft:custom":{"minecraft:time_since_rest":2270,"minecraft:sprint_one_cm":21031,"minecraft:damage_taken":1385,"minecraft:walk_one_cm":67389,"minecraft:mob_kills":8,"minecraft:damage_dealt":846,"minecraft:interact_with_crafting_table":3,"minecraft:fly_one_cm":46043,"minecraft:player_kills":1,"minecraft:crouch_one_cm":3475,"minecraft:play_time":20785,"minecraft:deaths":4,"minecraft:sneak_time":1363,"minecraft:walk_under_water_one_cm":1147,"minecraft:jump":612,"minecraft:leave_game":4,"minecraft:walk_on_water_one_cm":6065,"minecraft:time_since_death":2231,"minecraft:total_world_time":20785,"minecraft:fall_one_cm":23367}},"DataVersion":3120}