{"stats":{"minecraft:dropped":{"minecraft:gravel":1,"minecraft:bread":42,"minecraft:crimson_fungus":1,"minecraft:wheat_seeds":192,"minecraft:cobblestone":38,"minecraft:leather":8,"minecraft:stick":2,"minecraft:paper":6,"minecraft:firework_rocket":2},"minecraft:killed":{"minecraft:silverfish":1,"minecraft:cow":1},"minecraft:custom":{"minecraft:interact_with_furnace":3,"minecraft:mob_kills":3,"minecraft:interact_with_crafting_table":3,"minecraft:open_barrel":1,"minecraft:play_one_minute":50131,"minecraft:leave_game":1,"minecraft:time_since_death":32453,"minecraft:climb_one_cm":2201,"minecraft:time_since_rest":32480,"minecraft:sprint_one_cm":155114,"minecraft:damage_taken":1105,"minecraft:walk_one_cm":148147,"minecraft:drop":14,"minecraft:damage_dealt":619,"minecraft:fly_one_cm":121370,"minecraft:open_chest":11,"minecraft:crouch_one_cm":2351,"minecraft:deaths":3,"minecraft:sneak_time":1374,"minecraft:interact_with_lectern":1,"minecraft:jump":730,"minecraft:walk_on_water_one_cm":1296,"minecraft:fall_one_cm":16450,"minecraft:horse_one_cm":6359},"minecraft:mined":{"minecraft:red_carpet":2,"minecraft:acacia_leaves":2,"minecraft:scaffolding":1,"endrem:fake_stone":4,"minecraft:cornflower":3,"minecraft:ladder":2,"minecraft:grass_block":5,"minecraft:chest":1,"minecraft:lectern":1,"minecraft:tall_grass":10,"minecraft:cobblestone":4,"minecraft:diorite":3,"minecraft:wheat":103,"treechop:chopped_log":4,"minecraft:black_bed":1,"minecraft:enchanting_table":1,"minecraft:grass":30,"minecraft:coal_ore":1,"minecraft:oak_log":5,"minecraft:rail":2,"minecraft:sunflower":5,"minecraft:gravel":10,"minecraft:dirt":8,"minecraft:stone_bricks":6,"minecraft:stone":109,"minecraft:oak_leaves":56},"minecraft:used":{"minecraft:oak_planks":20,"minecraft:dirt":5,"minecraft:cornflower":3,"minecraft:apple":1,"minecraft:bread":3,"minecraft:iron_pickaxe":223,"minecraft:rabbit_stew":2,"minecraft:cobblestone":37,"minecraft:oak_sapling":2,"minecraft:poisonous_potato":1,"alexsmobs:animal_dictionary":1},"minecraft:killed_by":{"minecraft:silverfish":3},"minecraft:crafted":{"minecraft:oak_planks":24,"minecraft:crafting_table":1,"minecraft:bread":37},"minecraft:picked_up":{"minecraft:enchanting_table":1,"minecraft:charcoal":52,"minecraft:crafting_table":1,"minecraft:wheat":154,"minecraft:ladder":2,"minecraft:rabbit_stew":11,"minecraft:leather":10,"minecraft:black_bed":1,"backpacked:backpack":1,"minecraft:potato":12,"minecraft:brown_bed":1,"minecraft:enchanted_book":4,"minecraft:oak_log":6,"minecraft:cornflower":3,"minecraft:dirt":5,"minecraft:name_tag":18,"minecraft:apple":1,"minecraft:wheat_seeds":268,"minecraft:written_book":1,"minecraft:iron_pickaxe":2,"minecraft:lectern":1,"minecraft:chest":1,"minecraft:stick":6,"minecraft:poisonous_potato":2,"minecraft:gravel":1,"minecraft:ink_sac":4,"alexsmobs:animal_dictionary":2,"minecraft:firework_rocket":4,"minecraft:bread":36,"minecraft:oak_sapling":2,"minecraft:cobblestone":88,"minecraft:sunflower":23}},"DataVersion":2586}