{"stats":{"minecraft:picked_up":{"minecraft:wooden_sword":3,"minecraft:bone":3,"nzgmaddon:revolver":3,"cgm:basic_bullet":46,"minecraft:rotten_flesh":13,"sophisticatedbackpacks:backpack":2,"alexsmobs:emu_egg":2,"minecraft:bread":27,"minecraft:gunpowder":2,"minecraft:spider_eye":2,"minecraft:string":2,"alexsmobs:animal_dictionary":1},"minecraft:killed":{"minecraft:zombie":6},"minecraft:used":{"alexsmobs:emu_egg":2,"nzgmaddon:revolver":18,"minecraft:wooden_sword":8,"minecraft:string":1,"alexsmobs:animal_dictionary":1},"minecraft:killed_by":{"minecraft:zombie":1,"minecraft:player":2},"minecraft:mined":{"minecraft:grass":8,"projectvibrantjourneys:short_grass":6},"minecraft:custom":{"minecraft:time_since_rest":4047,"minecraft:deaths":3,"minecraft:sprint_one_cm":14528,"minecraft:play_time":10620,"minecraft:damage_taken":900,"minecraft:walk_one_cm":41950,"minecraft:mob_kills":6,"minecraft:jump":353,"minecraft:damage_dealt":266,"minecraft:leave_game":1,"minecraft:time_since_death":3991,"minecraft:total_world_time":10620,"minecraft:player_kills":1,"minecraft:fall_one_cm":13073,"minecraft:fly_one_cm":27692}},"DataVersion":3120}