{"stat.chestOpened":6,"stat.pickup.minecraft.double_plant":2,"stat.walkOneCm":159955,"stat.useItem.minecraft.bread":1,"stat.pickup.minecraft.wooden_axe":1,"stat.leaveGame":2,"stat.pickup.minecraft.gravel":3,"stat.mineBlock.minecraft.vine":1,"stat.pickup.minecraft.flint":1,"stat.craftItem.minecraft.crafting_table":1,"stat.mineBlock.minecraft.yellow_flower":1,"stat.mineBlock.minecraft.double_plant":1,"stat.drop.minecraft.wool":1,"stat.mineBlock.minecraft.brown_mushroom":4,"stat.drop.minecraft.red_flower":1,"stat.pickup.minecraft.log":2,"stat.mineBlock.minecraft.stained_glass_pane":5,"stat.drop.minecraft.apple":1,"stat.mineBlock.minecraft.stained_glass":2,"stat.jump":625,"stat.swimOneCm":1965,"stat.mineBlock.minecraft.ladder":1,"stat.fallOneCm":13576,"stat.climbOneCm":25861,"stat.useItem.tombstone.gift":1,"stat.entityKilledBy.Skeleton":3,"stat.pickup.minecraft.stone":10,"stat.crouchOneCm":52,"stat.pickup.minecraft.sapling":4,"stat.pickup.minecraft.dirt":14,"stat.useItem.minecraft.dirt":3,"stat.mineBlock.minecraft.stained_hardened_clay":1,"stat.sprintOneCm":80397,"stat.useItem.minecraft.stone_slab2":9,"stat.mineBlock.minecraft.stone_slab":1,"stat.pickup.minecraft.apple":1,"stat.pickup.tombstone.magic_scroll":1,"stat.craftItem.minecraft.stick":4,"stat.craftingTableInteraction":1,"stat.pickup.minecraft.iron_ore":18,"stat.useItem.minecraft.sapling":1,"stat.entityKilledBy.Spider":1,"stat.craftItem.minecraft.planks":8,"stat.pickup.minecraft.wooden_pickaxe":1,"stat.damageTaken":1520,"stat.pickup.minecraft.cobblestone_wall":1,"stat.craftItem.minecraft.stone_pickaxe":1,"stat.useItem.minecraft.wooden_pickaxe":44,"stat.mobKills":4,"stat.pickup.minecraft.cobblestone":20,"stat.drop.tombstone.magic_scroll":1,"stat.mineBlock.minecraft.log":2,"stat.flyOneCm":72674,"stat.deaths":6,"tombstone:undead_killed":1,"stat.pickup.minecraft.wheat_seeds":1,"stat.drop":7,"stat.pickup.minecraft.brown_mushroom":3,"stat.mineBlock.minecraft.leaves":31,"stat.playOneMinute":32529,"stat.entityKilledBy.Zombie":2,"stat.mineBlock.minecraft.gravel":4,"stat.killEntity.Sheep":2,"stat.drop.tombstone.grave_key":3,"stat.useItem.minecraft.stone_pickaxe":20,"stat.pickup.minecraft.red_flower":1,"stat.mineBlock.minecraft.glass":3,"stat.sneakTime":61,"stat.pickup.minecraft.wool":3,"stat.mineBlock.minecraft.cobblestone_wall":1,"stat.damageDealt":960,"stat.mineBlock.minecraft.iron_ore":18,"stat.killEntity.Zombie":1,"stat.timeSinceDeath":4081,"stat.useItem.minecraft.wooden_axe":33,"stat.pickup.minecraft.stone_slab":1,"stat.pickup.minecraft.yellow_flower":1,"stat.mineBlock.minecraft.dirt":16,"stat.pickup.minecraft.stained_hardened_clay":1,"stat.mineBlock.minecraft.stone":29,"stat.mineBlock.minecraft.tallgrass":15,"stat.pickup.minecraft.mutton":3,"stat.diveOneCm":272}