{"stats":{"minecraft:dropped":{"minecraft:gravel":1,"minecraft:bread":42,"minecraft:crimson_fungus":1,"minecraft:wheat_seeds":192,"minecraft:cobblestone":38,"minecraft:leather":8,"minecraft:stick":2,"minecraft:paper":6,"minecraft:firework_rocket":2},"minecraft:killed":{"minecraft:spider":1,"minecraft:iron_golem":1,"minecraft:skeleton":1,"minecraft:zombie":3,"minecraft:silverfish":1,"minecraft:cow":1},"minecraft:custom":{"minecraft:interact_with_furnace":3,"minecraft:mob_kills":8,"minecraft:interact_with_crafting_table":6,"minecraft:open_barrel":1,"minecraft:play_one_minute":98131,"minecraft:leave_game":1,"minecraft:time_since_death":14398,"minecraft:climb_one_cm":11265,"minecraft:time_since_rest":14438,"minecraft:sprint_one_cm":236680,"minecraft:damage_taken":2012,"minecraft:walk_one_cm":257509,"minecraft:damage_blocked_by_shield":180,"minecraft:drop":14,"minecraft:damage_dealt":2292,"minecraft:fly_one_cm":252640,"minecraft:open_chest":20,"minecraft:crouch_one_cm":3334,"minecraft:deaths":6,"minecraft:sneak_time":2074,"minecraft:interact_with_lectern":1,"minecraft:jump":1422,"minecraft:walk_on_water_one_cm":1864,"minecraft:fall_one_cm":34458,"minecraft:horse_one_cm":6359},"minecraft:mined":{"minecraft:red_carpet":2,"minecraft:acacia_leaves":2,"minecraft:scaffolding":1,"minecraft:oak_sapling":1,"endrem:fake_stone":4,"minecraft:cornflower":3,"minecraft:ladder":2,"minecraft:granite":7,"minecraft:grass_block":6,"minecraft:chest":1,"minecraft:lectern":1,"minecraft:tall_grass":13,"minecraft:cobblestone":4,"minecraft:oak_planks":6,"minecraft:diorite":16,"minecraft:iron_ore":4,"minecraft:wheat":103,"minecraft:andesite":1,"minecraft:birch_leaves":5,"treechop:chopped_log":19,"minecraft:black_bed":1,"minecraft:azure_bluet":1,"minecraft:yellow_bed":1,"minecraft:enchanting_table":1,"minecraft:grass":44,"minecraft:coal_ore":1,"minecraft:oak_log":40,"minecraft:rail":2,"minecraft:sunflower":5,"minecraft:gravel":10,"minecraft:dirt":10,"minecraft:stone_bricks":6,"minecraft:stone":207,"minecraft:oak_leaves":493},"minecraft:used":{"minecraft:oak_planks":234,"minecraft:ender_pearl":1,"minecraft:chest":1,"minecraft:shield":4,"minecraft:iron_sword":80,"minecraft:dirt":5,"minecraft:crafting_table":1,"minecraft:cornflower":3,"minecraft:apple":5,"minecraft:bread":3,"minecraft:iron_pickaxe":370,"minecraft:rabbit_stew":2,"minecraft:cobblestone":37,"minecraft:oak_sapling":11,"minecraft:poisonous_potato":1,"minecraft:yellow_bed":1,"alexsmobs:animal_dictionary":1,"minecraft:brown_bed":1},"minecraft:killed_by":{"minecraft:silverfish":3,"minecraft:skeleton":1,"minecraft:zombie":1,"guardvillagers:guard":1},"minecraft:crafted":{"minecraft:oak_planks":196,"minecraft:crafting_table":2,"minecraft:bread":37,"minecraft:chest":1},"minecraft:picked_up":{"minecraft:enchanting_table":1,"minecraft:charcoal":52,"minecraft:crafting_table":1,"minecraft:wheat":154,"minecraft:azure_bluet":1,"minecraft:ladder":5,"minecraft:andesite":1,"minecraft:rabbit_stew":11,"minecraft:leather":10,"minecraft:black_bed":1,"backpacked:backpack":1,"minecraft:potato":12,"minecraft:brown_bed":2,"minecraft:enchanted_book":4,"minecraft:oak_log":49,"minecraft:yellow_bed":2,"minecraft:shield":1,"minecraft:cornflower":3,"minecraft:dirt":8,"minecraft:iron_axe":1,"minecraft:flint_and_steel":1,"minecraft:name_tag":18,"minecraft:armor_stand":2,"minecraft:bone":1,"minecraft:apple":8,"minecraft:wheat_seeds":447,"minecraft:iron_ore":4,"minecraft:written_book":1,"minecraft:iron_pickaxe":5,"minecraft:lectern":1,"minecraft:chest":3,"minecraft:iron_sword":3,"minecraft:oak_planks":214,"minecraft:stick":48,"minecraft:poisonous_potato":3,"minecraft:gravel":1,"minecraft:ink_sac":4,"minecraft:diorite":13,"minecraft:golden_chestplate":2,"alexsmobs:animal_dictionary":2,"minecraft:firework_rocket":4,"minecraft:arrow":2,"minecraft:rotten_flesh":2,"minecraft:granite":7,"minecraft:bread":36,"minecraft:oak_sapling":73,"minecraft:cobblestone":186,"minecraft:sunflower":23}},"DataVersion":2586}