{"stats":{"minecraft:dropped":{"minecraft:gravel":1,"minecraft:bread":42,"minecraft:crimson_fungus":1,"minecraft:wheat_seeds":192,"minecraft:cobblestone":38,"minecraft:leather":8,"minecraft:granite":8,"minecraft:stick":2,"minecraft:spruce_planks":160,"minecraft:map":1,"minecraft:oak_sapling":56,"minecraft:iron_axe":1,"minecraft:paper":6,"minecraft:spruce_sapling":2,"minecraft:firework_rocket":2},"minecraft:killed":{"minecraft:spider":1,"minecraft:iron_golem":1,"minecraft:skeleton":1,"minecraft:zombie":4,"minecraft:silverfish":1,"minecraft:cow":1},"minecraft:custom":{"minecraft:interact_with_furnace":4,"minecraft:mob_kills":9,"minecraft:interact_with_crafting_table":8,"minecraft:open_barrel":1,"minecraft:play_one_minute":122131,"minecraft:leave_game":1,"minecraft:time_since_death":23765,"minecraft:climb_one_cm":11265,"minecraft:time_since_rest":23794,"minecraft:sprint_one_cm":263012,"minecraft:damage_taken":2439,"minecraft:walk_one_cm":314853,"minecraft:damage_blocked_by_shield":180,"minecraft:drop":23,"minecraft:damage_dealt":3002,"minecraft:swim_one_cm":611,"minecraft:fly_one_cm":282581,"minecraft:open_chest":21,"minecraft:crouch_one_cm":3819,"minecraft:deaths":7,"minecraft:sneak_time":2268,"minecraft:walk_under_water_one_cm":2085,"minecraft:interact_with_lectern":1,"minecraft:jump":1824,"minecraft:walk_on_water_one_cm":3824,"minecraft:fall_one_cm":36680,"minecraft:horse_one_cm":6359},"minecraft:mined":{"minecraft:red_carpet":2,"minecraft:acacia_leaves":2,"minecraft:scaffolding":1,"minecraft:oak_sapling":1,"endrem:fake_stone":4,"minecraft:cornflower":3,"minecraft:ladder":2,"minecraft:granite":15,"minecraft:grass_block":16,"minecraft:chest":1,"minecraft:lectern":1,"minecraft:tall_grass":14,"minecraft:cobblestone":5,"minecraft:spruce_leaves":325,"minecraft:oak_planks":46,"minecraft:diorite":16,"minecraft:iron_ore":11,"minecraft:wheat":103,"minecraft:stripped_spruce_log":1,"minecraft:spruce_log":41,"minecraft:andesite":6,"minecraft:birch_leaves":14,"minecraft:pumpkin":1,"treechop:chopped_log":61,"minecraft:black_bed":1,"minecraft:azure_bluet":1,"minecraft:yellow_bed":1,"minecraft:enchanting_table":1,"minecraft:grass":46,"minecraft:coal_ore":1,"minecraft:oak_log":69,"minecraft:rail":2,"minecraft:sunflower":5,"minecraft:gravel":12,"minecraft:dirt":38,"minecraft:stone_bricks":6,"minecraft:stone":332,"minecraft:oak_leaves":705},"minecraft:used":{"minecraft:oak_planks":234,"minecraft:ender_pearl":1,"minecraft:chest":1,"minecraft:shield":4,"minecraft:iron_sword":86,"minecraft:dirt":47,"minecraft:crafting_table":1,"minecraft:granite":8,"minecraft:cornflower":3,"minecraft:apple":5,"minecraft:iron_axe":153,"minecraft:bread":3,"minecraft:iron_pickaxe":543,"minecraft:rabbit_stew":2,"minecraft:cobblestone":40,"minecraft:oak_sapling":11,"minecraft:poisonous_potato":1,"minecraft:yellow_bed":1,"alexsmobs:animal_dictionary":1,"minecraft:brown_bed":1},"minecraft:killed_by":{"minecraft:silverfish":3,"minecraft:skeleton":1,"minecraft:creeper":1,"minecraft:zombie":1,"guardvillagers:guard":1},"minecraft:crafted":{"minecraft:oak_planks":196,"minecraft:spruce_planks":160,"minecraft:crafting_table":2,"minecraft:bread":37,"minecraft:iron_axe":2,"minecraft:iron_pickaxe":1,"minecraft:iron_ingot":11,"minecraft:chest":1},"minecraft:picked_up":{"minecraft:enchanting_table":1,"minecraft:feather":13,"minecraft:charcoal":52,"minecraft:crafting_table":1,"minecraft:wheat":158,"minecraft:azure_bluet":3,"minecraft:ladder":6,"minecraft:andesite":6,"minecraft:rabbit_stew":11,"minecraft:leather":10,"minecraft:black_bed":1,"backpacked:backpack":1,"minecraft:potato":12,"minecraft:brown_bed":2,"minecraft:enchanted_book":4,"minecraft:flint":1,"inventorypets:nugget_obsidian":2,"minecraft:oak_log":78,"minecraft:yellow_bed":2,"minecraft:shield":1,"minecraft:map":1,"minecraft:cornflower":3,"minecraft:dirt":55,"minecraft:iron_axe":1,"minecraft:flint_and_steel":1,"minecraft:name_tag":18,"minecraft:armor_stand":2,"minecraft:compass":1,"minecraft:bone":2,"minecraft:apple":9,"minecraft:wheat_seeds":510,"minecraft:spruce_planks":35,"minecraft:iron_ingot":6,"minecraft:iron_ore":15,"minecraft:written_book":1,"minecraft:iron_pickaxe":6,"minecraft:lectern":1,"minecraft:chest":3,"minecraft:iron_sword":4,"minecraft:oak_planks":247,"minecraft:stick":79,"minecraft:pumpkin":1,"minecraft:poisonous_potato":3,"minecraft:gravel":5,"minecraft:spruce_sapling":2,"minecraft:melon":11,"minecraft:ink_sac":4,"minecraft:diorite":26,"minecraft:spruce_log":40,"minecraft:golden_chestplate":3,"alexsmobs:animal_dictionary":2,"minecraft:firework_rocket":5,"minecraft:arrow":4,"minecraft:rotten_flesh":3,"minecraft:granite":23,"minecraft:emerald":1,"minecraft:bread":36,"minecraft:oak_sapling":129,"minecraft:oak_leaves":8,"inventorypets:pet_sheep":1,"minecraft:cobblestone":410,"minecraft:sunflower":23}},"DataVersion":2586}