{"stats":{"minecraft:custom":{"minecraft:interact_with_furnace":3,"minecraft:interact_with_anvil":1,"minecraft:mob_kills":2,"minecraft:interact_with_cartography_table":1,"minecraft:interact_with_crafting_table":1,"minecraft:open_barrel":8,"minecraft:play_one_minute":23791,"minecraft:leave_game":1,"minecraft:time_since_death":40,"minecraft:sleep_in_bed":3,"minecraft:time_since_rest":65,"minecraft:sprint_one_cm":99331,"minecraft:damage_taken":1384,"minecraft:walk_one_cm":64890,"minecraft:drop":64,"minecraft:damage_dealt":1100,"minecraft:fly_one_cm":153248,"minecraft:player_kills":2,"minecraft:open_chest":12,"minecraft:deaths":5,"minecraft:sneak_time":27,"minecraft:jump":746,"minecraft:walk_on_water_one_cm":1810,"minecraft:fall_one_cm":14119},"minecraft:mined":{"minecraft:white_bed":1,"minecraft:white_stained_glass_pane":1,"minecraft:tall_grass":2,"minecraft:cobblestone":4,"minecraft:oak_planks":3,"minecraft:wall_torch":1,"minecraft:fire":2,"minecraft:ice":1,"minecraft:grass":31,"minecraft:sunflower":3,"minecraft:stone":25},"minecraft:picked_up":{"minecraft:charcoal":5,"minecraft:iron_chestplate":5,"evolved_rpg:shadestone_shard":2,"minecraft:birch_planks":3,"minecraft:oak_log":1,"minecraft:string":3,"minecraft:iron_axe":2,"minecraft:name_tag":5,"minecraft:iron_leggings":2,"minecraft:bone":17,"minecraft:wheat_seeds":19,"minecraft:bucket":1,"minecraft:spruce_planks":1,"minecraft:iron_ingot":1,"minecraft:beef":4,"minecraft:iron_pickaxe":7,"minecraft:birch_sapling":2,"minecraft:oak_planks":3,"minecraft:iron_boots":3,"minecraft:egg":4,"minecraft:stick":20,"minecraft:torch":63,"minecraft:bowl":1,"minecraft:lava_bucket":1,"minecraft:gravel":1,"minecraft:white_bed":1,"minecraft:cauldron":1,"alexsmobs:animal_dictionary":2,"minecraft:arrow":3,"minecraft:rotten_flesh":3,"minecraft:iron_helmet":2,"minecraft:granite":4,"minecraft:painting":1,"minecraft:bread":8,"minecraft:coal":102,"minecraft:cobblestone":171,"minecraft:sunflower":3},"minecraft:dropped":{"minecraft:gravel":1,"minecraft:iron_ingot":1,"minecraft:birch_planks":3,"minecraft:wheat_seeds":15,"minecraft:oak_log":1,"minecraft:bowl":1,"minecraft:birch_sapling":1,"minecraft:cobblestone":119,"minecraft:rotten_flesh":3,"minecraft:iron_boots":1,"minecraft:granite":4,"minecraft:name_tag":4,"minecraft:coal":70,"minecraft:stick":3,"evolved_rpg:shadestone_shard":1,"minecraft:spruce_planks":1,"minecraft:iron_chestplate":2,"minecraft:iron_axe":1,"minecraft:arrow":3,"minecraft:iron_pickaxe":4,"minecraft:string":3,"minecraft:bone":6},"minecraft:crafted":{"minecraft:iron_axe":1,"minecraft:torch":40},"minecraft:killed":{"minecraft:zombie":1,"evolved_rpg:deep_crowler":1},"minecraft:killed_by":{"minecraft:player":3,"minecraft:skeleton":2},"minecraft:used":{"minecraft:oak_planks":3,"minecraft:torch":21,"minecraft:white_bed":1,"minecraft:sunflower":2,"minecraft:iron_axe":23,"minecraft:bread":4,"minecraft:iron_pickaxe":34,"minecraft:beef":4,"minecraft:cobblestone":34,"minecraft:egg":4,"alexsmobs:animal_dictionary":5}},"DataVersion":2586}