{"stats":{"minecraft:custom":{"minecraft:time_since_rest":4706,"minecraft:interact_with_furnace":3,"minecraft:sprint_one_cm":71814,"minecraft:damage_taken":525,"minecraft:walk_one_cm":43850,"minecraft:mob_kills":1,"minecraft:interact_with_anvil":1,"minecraft:drop":63,"minecraft:damage_dealt":627,"minecraft:player_kills":1,"minecraft:interact_with_cartography_table":1,"minecraft:fly_one_cm":102845,"minecraft:open_barrel":8,"minecraft:open_chest":10,"minecraft:play_one_minute":16618,"minecraft:deaths":1,"minecraft:sneak_time":9,"minecraft:jump":463,"minecraft:time_since_death":9907,"minecraft:walk_on_water_one_cm":827,"minecraft:sleep_in_bed":3,"minecraft:fall_one_cm":7022},"minecraft:mined":{"minecraft:ice":1,"minecraft:grass":1,"minecraft:white_stained_glass_pane":1,"minecraft:stone":25,"minecraft:wall_torch":1},"minecraft:picked_up":{"minecraft:stick":15,"minecraft:iron_chestplate":3,"minecraft:torch":42,"minecraft:bowl":1,"minecraft:birch_planks":3,"minecraft:gravel":1,"minecraft:oak_log":1,"alexsmobs:animal_dictionary":1,"minecraft:string":3,"minecraft:iron_axe":2,"minecraft:name_tag":3,"minecraft:iron_leggings":1,"minecraft:arrow":3,"minecraft:bone":6,"minecraft:rotten_flesh":3,"minecraft:wheat_seeds":15,"minecraft:spruce_planks":1,"minecraft:iron_helmet":1,"minecraft:beef":4,"minecraft:iron_ingot":1,"minecraft:granite":4,"minecraft:bread":5,"minecraft:iron_pickaxe":5,"minecraft:birch_sapling":2,"minecraft:coal":70,"minecraft:cobblestone":144,"minecraft:iron_boots":2,"minecraft:egg":3},"minecraft:dropped":{"minecraft:gravel":1,"minecraft:iron_ingot":1,"minecraft:birch_planks":3,"minecraft:wheat_seeds":15,"minecraft:oak_log":1,"minecraft:spruce_planks":1,"minecraft:iron_chestplate":2,"minecraft:bowl":1,"minecraft:birch_sapling":1,"minecraft:cobblestone":119,"minecraft:rotten_flesh":3,"minecraft:iron_boots":1,"minecraft:granite":4,"minecraft:arrow":3,"minecraft:iron_axe":1,"minecraft:name_tag":4,"minecraft:iron_pickaxe":4,"minecraft:string":3,"minecraft:coal":70,"minecraft:stick":3,"minecraft:bone":6},"minecraft:crafted":{"minecraft:torch":40},"minecraft:killed":{"minecraft:zombie":1},"minecraft:killed_by":{"minecraft:player":1},"minecraft:used":{"minecraft:iron_axe":10,"minecraft:bread":4,"minecraft:iron_pickaxe":26,"minecraft:torch":16,"minecraft:beef":4,"alexsmobs:animal_dictionary":5,"minecraft:egg":3}},"DataVersion":2586}