{"stats":{"minecraft:custom":{"minecraft:jump":157,"minecraft:time_since_rest":4618,"minecraft:damage_dealt":35,"minecraft:play_one_minute":4618,"minecraft:damage_taken":100,"minecraft:sprint_one_cm":25827,"minecraft:time_since_death":4618,"minecraft:walk_one_cm":5740,"minecraft:sneak_time":9,"minecraft:fall_one_cm":1738,"minecraft:fly_one_cm":46149},"minecraft:picked_up":{"minecraft:egg":3},"minecraft:mined":{"minecraft:grass":1},"minecraft:used":{"alexsmobs:animal_dictionary":5,"minecraft:egg":3}},"DataVersion":2586}