{"stats":{"minecraft:dropped":{"nzgmaddon:revolver":1,"alexsmobs:emu_egg":1},"minecraft:picked_up":{"minecraft:wooden_sword":1,"nzgmaddon:revolver":2,"minecraft:rotten_flesh":12,"minecraft:slime_ball":2,"minecraft:wheat_seeds":1,"sophisticatedbackpacks:backpack":1,"minecraft:iron_ingot":2,"alexsmobs:emu_egg":1,"minecraft:bread":9,"alexsmobs:animal_dictionary":1},"minecraft:killed":{"minecraft:zombie":4,"alexsmobs:terrapin":1,"minecraft:zombie_villager":1,"alexsmobs:emu":2},"minecraft:used":{"nzgmaddon:revolver":25,"minecraft:wooden_sword":10,"alexsmobs:animal_dictionary":2},"minecraft:killed_by":{"minecraft:player":1},"minecraft:mined":{"minecraft:grass":2,"projectvibrantjourneys:twigs":1,"projectvibrantjourneys:light_brown_bark_mushroom":2,"projectvibrantjourneys:rocks":2},"minecraft:custom":{"minecraft:time_since_rest":1746,"minecraft:sprint_one_cm":14190,"minecraft:play_time":9067,"minecraft:deaths":1,"minecraft:damage_taken":365,"minecraft:walk_one_cm":36554,"minecraft:mob_kills":8,"minecraft:drop":2,"minecraft:jump":186,"minecraft:damage_dealt":153,"minecraft:leave_game":2,"minecraft:time_since_death":1720,"minecraft:total_world_time":9067,"minecraft:fall_one_cm":5235,"minecraft:fly_one_cm":21664,"minecraft:player_kills":2}},"DataVersion":3120}