{"stats":{"minecraft:dropped":{"car:canola_seeds":1,"minecraft:wheat_seeds":1,"nzgmaddon:revolver":1,"alexsmobs:emu_egg":1},"minecraft:picked_up":{"minecraft:crafting_table":2,"car:canola_seeds":1,"minecraft:acacia_log":6,"sophisticatedbackpacks:backpack":1,"minecraft:oak_log":4,"minecraft:gunpowder":2,"minecraft:carrot":1,"alexsmobs:animal_dictionary":1,"minecraft:wooden_sword":2,"nzgmaddon:revolver":2,"minecraft:bone":1,"minecraft:rotten_flesh":21,"minecraft:slime_ball":2,"minecraft:wheat_seeds":2,"minecraft:iron_ingot":2,"alexsmobs:emu_egg":2,"minecraft:bread":9,"minecraft:cobblestone":6},"minecraft:killed":{"minecraft:zombie":11,"alexsmobs:terrapin":1,"minecraft:zombie_villager":1,"alexsmobs:fly":1,"alexsmobs:emu":2},"minecraft:used":{"alexsmobs:emu_egg":1,"nzgmaddon:revolver":25,"minecraft:wooden_axe":9,"minecraft:bread":6,"minecraft:oak_planks":1,"minecraft:wooden_pickaxe":6,"minecraft:stone_axe":3,"minecraft:wooden_sword":32,"minecraft:crafting_table":3,"alexsmobs:animal_dictionary":2,"minecraft:acacia_planks":2},"minecraft:crafted":{"minecraft:oak_planks":16,"minecraft:crafting_table":2,"minecraft:stick":32,"minecraft:wooden_pickaxe":2,"minecraft:stone_pickaxe":1,"minecraft:wooden_axe":2,"minecraft:acacia_planks":24,"minecraft:stone_axe":1},"minecraft:killed_by":{"minecraft:player":1,"minecraft:zombie":2},"minecraft:mined":{"projectvibrantjourneys:light_brown_bark_mushroom":2,"projectvibrantjourneys:rocks":2,"minecraft:crafting_table":2,"minecraft:grass":9,"projectvibrantjourneys:twigs":1,"minecraft:acacia_log":6,"minecraft:oak_log":4,"projectvibrantjourneys:short_grass":1,"minecraft:stone":6},"minecraft:custom":{"minecraft:time_since_rest":28,"minecraft:sprint_one_cm":26304,"minecraft:damage_taken":1170,"minecraft:walk_one_cm":61797,"minecraft:mob_kills":16,"minecraft:drop":4,"minecraft:damage_dealt":1678,"minecraft:interact_with_crafting_table":4,"minecraft:fly_one_cm":44856,"minecraft:player_kills":2,"minecraft:crouch_one_cm":2439,"minecraft:play_time":19558,"minecraft:deaths":3,"minecraft:sneak_time":985,"minecraft:walk_under_water_one_cm":2128,"minecraft:jump":429,"minecraft:leave_game":4,"minecraft:time_since_death":0,"minecraft:walk_on_water_one_cm":2323,"minecraft:total_world_time":19558,"minecraft:fall_one_cm":16734}},"DataVersion":3120}