{"stat.pickup.minecraft.bone":2,"stat.leaveGame":1,"stat.mineBlock.minecraft.cobblestone":48,"stat.mineBlock.minecraft.stained_glass_pane":10,"stat.mineBlock.minecraft.stained_glass":7,"stat.useItem.minecraft.mutton":1,"stat.swimOneCm":488,"stat.useItem.minecraft.planks":54,"stat.climbOneCm":25650,"stat.useItem.minecraft.dirt":15,"stat.useItem.minecraft.stone_slab2":31,"stat.pickup.minecraft.rotten_flesh":4,"stat.entityKilledBy.Spider":2,"stat.useItem.minecraft.egg":1,"stat.craftItem.minecraft.stone_axe":2,"stat.craftItem.minecraft.stone_pickaxe":3,"stat.pickup.minecraft.cobblestone":262,"stat.flyOneCm":98557,"stat.timeSinceDeath":270,"stat.useItem.minecraft.iron_pickaxe":234,"stat.pickup.minecraft.stained_hardened_clay":7,"stat.craftItem.minecraft.wooden_pickaxe":4,"stat.pickup.minecraft.mutton":7,"stat.craftItem.minecraft.bed":1,"stat.pickup.minecraft.stonebrick":8,"stat.furnaceInteraction":4,"stat.mineBlock.minecraft.coal_ore":39,"stat.pickup.srparasites.lurecomponent1":4,"stat.mineBlock.minecraft.ladder":1,"stat.useItem.minecraft.cooked_mutton":4,"stat.entityKilledBy.Skeleton":5,"stat.mineBlock.minecraft.stained_hardened_clay":8,"stat.sprintOneCm":112445,"stat.mineBlock.minecraft.stone_slab":2,"stat.craftItem.minecraft.stick":44,"stat.craftItem.minecraft.wooden_axe":4,"stat.useItem.minecraft.stone_slab":2,"stat.mineBlock.minecraft.crafting_table":2,"stat.entityKilledBy.Creeper":1,"stat.deaths":12,"stat.drop":5,"stat.pickup.minecraft.egg":1,"stat.playOneMinute":58825,"stat.killEntity.Sheep":5,"stat.drop.tombstone.grave_key":3,"stat.craftItem.minecraft.iron_pickaxe":1,"stat.killEntity.Zombie":3,"stat.mineBlock.minecraft.tallgrass":15,"stat.diveOneCm":1572,"stat.chestOpened":4,"stat.useItem.minecraft.stone":9,"stat.drop.minecraft.wooden_pickaxe":1,"stat.pickup.minecraft.gravel":2,"stat.pickup.minecraft.arrow":2,"stat.useItem.minecraft.apple":1,"stat.jump":1096,"stat.pickup.minecraft.coal":39,"stat.fallOneCm":21568,"stat.pickup.minecraft.iron_ingot":3,"stat.useItem.minecraft.stone_axe":34,"stat.pickup.minecraft.gunpowder":2,"stat.craftItem.minecraft.bread":1,"stat.crouchOneCm":2684,"stat.craftItem.minecraft.torch":56,"stat.pickup.minecraft.dirt":24,"stat.craftingTableInteraction":12,"stat.mineBlock.minecraft.glass_pane":1,"stat.damageTaken":3788,"stat.mineBlock.minecraft.torch":38,"stat.useItem.minecraft.wooden_pickaxe":34,"stat.pickup.minecraft.bed":1,"tombstone:undead_killed":5,"stat.pickup.minecraft.wheat_seeds":2,"stat.entityKilledBy.Zombie":3,"stat.mineBlock.minecraft.gravel":2,"stat.useItem.minecraft.stone_pickaxe":133,"stat.mineBlock.minecraft.glass":3,"stat.damageDealt":2396,"stat.mineBlock.minecraft.dirt":27,"stat.walkOneCm":216593,"stat.useItem.minecraft.bread":2,"stat.useItem.minecraft.torch":97,"stat.pickup.minecraft.crafting_table":2,"stat.useItem.minecraft.cobblestone":81,"stat.craftItem.minecraft.crafting_table":4,"stat.mineBlock.minecraft.double_plant":1,"stat.pickup.minecraft.log":34,"stat.useItem.tombstone.gift":1,"stat.pickup.minecraft.stone":52,"stat.useItem.minecraft.stained_hardened_clay":2,"stat.pickup.minecraft.sapling":7,"stat.pickup.minecraft.apple":1,"stat.pickup.minecraft.ladder":2,"stat.killEntity.Skeleton":2,"stat.mineBlock.minecraft.stonebrick":8,"stat.craftItem.minecraft.planks":132,"stat.mobKills":13,"stat.mineBlock.minecraft.log":33,"stat.useItem.minecraft.golden_apple":1,"stat.mineBlock.minecraft.leaves":22,"stat.pickup.minecraft.torch":41,"stat.pickup.minecraft.red_flower":1,"stat.sneakTime":941,"stat.pickup.minecraft.wool":5,"stat.craftItem.minecraft.coal_block":2,"stat.useItem.minecraft.wooden_axe":14,"stat.pickup.minecraft.stone_slab":4,"stat.mineBlock.minecraft.stone":259,"stat.drop.minecraft.wooden_axe":1}