{"stat.chestOpened":4,"stat.walkOneCm":99337,"stat.pickup.minecraft.bone":2,"stat.useItem.minecraft.bread":2,"stat.drop.minecraft.wooden_pickaxe":1,"stat.pickup.minecraft.arrow":2,"stat.pickup.minecraft.crafting_table":1,"stat.craftItem.minecraft.crafting_table":3,"stat.useItem.minecraft.apple":1,"stat.pickup.minecraft.log":23,"stat.mineBlock.minecraft.stained_glass_pane":8,"stat.mineBlock.minecraft.stained_glass":7,"stat.swimOneCm":49,"stat.jump":350,"stat.useItem.minecraft.planks":26,"stat.fallOneCm":4524,"stat.climbOneCm":21160,"stat.useItem.tombstone.gift":1,"stat.entityKilledBy.Skeleton":4,"stat.useItem.minecraft.stone_axe":13,"stat.craftItem.minecraft.bread":1,"stat.crouchOneCm":1262,"stat.useItem.minecraft.stained_hardened_clay":2,"stat.pickup.minecraft.sapling":3,"stat.pickup.minecraft.dirt":8,"stat.useItem.minecraft.dirt":5,"stat.mineBlock.minecraft.stained_hardened_clay":8,"stat.sprintOneCm":42318,"stat.useItem.minecraft.stone_slab2":8,"stat.pickup.minecraft.apple":1,"stat.pickup.minecraft.ladder":1,"stat.craftItem.minecraft.stick":20,"stat.craftItem.minecraft.wooden_axe":3,"stat.craftingTableInteraction":4,"stat.pickup.minecraft.rotten_flesh":2,"stat.killEntity.Skeleton":1,"stat.entityKilledBy.Spider":2,"stat.craftItem.minecraft.planks":92,"stat.useItem.minecraft.egg":1,"stat.craftItem.minecraft.stone_axe":1,"stat.mineBlock.minecraft.glass_pane":1,"stat.damageTaken":2354,"stat.mineBlock.minecraft.crafting_table":1,"stat.craftItem.minecraft.stone_pickaxe":1,"stat.useItem.minecraft.wooden_pickaxe":25,"stat.mobKills":4,"stat.pickup.minecraft.cobblestone":6,"stat.mineBlock.minecraft.log":23,"stat.useItem.minecraft.golden_apple":1,"stat.flyOneCm":36943,"stat.deaths":8,"tombstone:undead_killed":3,"stat.drop":2,"stat.mineBlock.minecraft.leaves":6,"stat.pickup.minecraft.egg":1,"stat.playOneMinute":23324,"stat.entityKilledBy.Zombie":2,"stat.mineBlock.minecraft.glass":3,"stat.sneakTime":441,"stat.damageDealt":1051,"stat.killEntity.Zombie":2,"stat.timeSinceDeath":5799,"stat.useItem.minecraft.wooden_axe":13,"stat.mineBlock.minecraft.dirt":8,"stat.pickup.minecraft.stained_hardened_clay":7,"stat.craftItem.minecraft.wooden_pickaxe":3,"stat.mineBlock.minecraft.stone":6,"stat.mineBlock.minecraft.tallgrass":3,"stat.diveOneCm":1221,"stat.drop.minecraft.wooden_axe":1}