{"stat.chestOpened":4,"stat.walkOneCm":135573,"stat.pickup.minecraft.bone":2,"stat.useItem.minecraft.bread":2,"stat.drop.minecraft.wooden_pickaxe":1,"stat.pickup.minecraft.arrow":2,"stat.pickup.minecraft.crafting_table":1,"stat.craftItem.minecraft.crafting_table":3,"stat.mineBlock.minecraft.double_plant":1,"stat.useItem.minecraft.apple":1,"stat.pickup.srparasites.lurecomponent1":2,"stat.pickup.minecraft.log":30,"stat.mineBlock.minecraft.stained_glass_pane":8,"stat.mineBlock.minecraft.stained_glass":7,"stat.swimOneCm":488,"stat.jump":622,"stat.useItem.minecraft.planks":54,"stat.fallOneCm":13276,"stat.climbOneCm":23286,"stat.useItem.tombstone.gift":1,"stat.entityKilledBy.Skeleton":5,"stat.useItem.minecraft.stone_axe":14,"stat.craftItem.minecraft.bread":1,"stat.pickup.minecraft.gunpowder":2,"stat.crouchOneCm":2227,"stat.useItem.minecraft.stained_hardened_clay":2,"stat.pickup.minecraft.sapling":7,"stat.pickup.minecraft.dirt":20,"stat.useItem.minecraft.dirt":14,"stat.mineBlock.minecraft.stained_hardened_clay":8,"stat.sprintOneCm":69104,"stat.useItem.minecraft.stone_slab2":14,"stat.mineBlock.minecraft.stone_slab":1,"stat.pickup.minecraft.apple":1,"stat.pickup.minecraft.ladder":1,"stat.craftItem.minecraft.stick":20,"stat.craftItem.minecraft.wooden_axe":3,"stat.craftingTableInteraction":4,"stat.pickup.minecraft.rotten_flesh":2,"stat.killEntity.Skeleton":1,"stat.useItem.minecraft.stone_slab":1,"stat.entityKilledBy.Spider":2,"stat.craftItem.minecraft.planks":100,"stat.useItem.minecraft.egg":1,"stat.craftItem.minecraft.stone_axe":1,"stat.mineBlock.minecraft.glass_pane":1,"stat.damageTaken":3174,"stat.mineBlock.minecraft.crafting_table":1,"stat.craftItem.minecraft.stone_pickaxe":1,"stat.useItem.minecraft.wooden_pickaxe":25,"stat.mobKills":7,"stat.pickup.minecraft.cobblestone":6,"stat.mineBlock.minecraft.log":29,"stat.entityKilledBy.Creeper":1,"stat.useItem.minecraft.golden_apple":1,"stat.flyOneCm":65646,"stat.deaths":11,"tombstone:undead_killed":3,"stat.drop":5,"stat.pickup.minecraft.wheat_seeds":2,"stat.mineBlock.minecraft.leaves":16,"stat.pickup.minecraft.egg":1,"stat.playOneMinute":35024,"stat.entityKilledBy.Zombie":3,"stat.useItem.minecraft.stone_pickaxe":1,"stat.killEntity.Sheep":2,"stat.drop.tombstone.grave_key":3,"stat.pickup.minecraft.red_flower":1,"stat.mineBlock.minecraft.glass":3,"stat.sneakTime":738,"stat.pickup.minecraft.wool":2,"stat.damageDealt":1626,"stat.killEntity.Zombie":2,"stat.timeSinceDeath":1409,"stat.useItem.minecraft.wooden_axe":13,"stat.pickup.minecraft.stone_slab":2,"stat.mineBlock.minecraft.dirt":21,"stat.pickup.minecraft.stained_hardened_clay":7,"stat.craftItem.minecraft.wooden_pickaxe":3,"stat.mineBlock.minecraft.stone":6,"stat.mineBlock.minecraft.tallgrass":12,"stat.diveOneCm":1572,"stat.drop.minecraft.wooden_axe":1,"stat.pickup.minecraft.mutton":2}