{"stat.killEntity.Skeleton":1,"stat.walkOneCm":52379,"stat.pickup.minecraft.bone":2,"stat.entityKilledBy.Spider":2,"stat.craftItem.minecraft.planks":16,"stat.useItem.minecraft.egg":1,"stat.pickup.minecraft.arrow":2,"stat.damageTaken":1560,"stat.craftItem.minecraft.crafting_table":1,"stat.useItem.minecraft.wooden_pickaxe":2,"stat.mobKills":2,"stat.mineBlock.minecraft.log":7,"stat.pickup.minecraft.log":7,"stat.mineBlock.minecraft.stained_glass_pane":4,"stat.flyOneCm":17567,"stat.deaths":6,"tombstone:undead_killed":1,"stat.mineBlock.minecraft.stained_glass":2,"stat.jump":166,"stat.swimOneCm":49,"stat.mineBlock.minecraft.leaves":5,"stat.pickup.minecraft.egg":1,"stat.playOneMinute":10724,"stat.climbOneCm":8944,"stat.fallOneCm":1894,"stat.useItem.minecraft.planks":2,"stat.entityKilledBy.Zombie":1,"stat.useItem.tombstone.gift":1,"stat.mineBlock.minecraft.glass":3,"stat.sneakTime":350,"stat.entityKilledBy.Skeleton":3,"stat.damageDealt":474,"stat.crouchOneCm":795,"stat.timeSinceDeath":906,"stat.useItem.minecraft.wooden_axe":2,"stat.pickup.minecraft.sapling":3,"stat.pickup.minecraft.dirt":4,"stat.useItem.minecraft.dirt":2,"stat.sprintOneCm":20064,"stat.mineBlock.minecraft.dirt":4,"stat.useItem.minecraft.stone_slab2":4,"stat.craftItem.minecraft.wooden_pickaxe":1,"stat.mineBlock.minecraft.tallgrass":1,"stat.diveOneCm":1221,"stat.craftItem.minecraft.stick":4,"stat.craftItem.minecraft.wooden_axe":1,"stat.craftingTableInteraction":1}