{
  "farmersdelight:main/root": {
    "criteria": {
      "seeds": "2024-04-01 00:21:19 -0500"
    },
    "done": true
  },
  "betterdungeons:root": {
    "criteria": {
      "always": "2024-04-01 00:21:19 -0500"
    },
    "done": true
  },
  "sophisticatedbackpacks:recipes/sophisticatedbackpacks/iron_backpack": {
    "criteria": {
      "has_backpack": "2024-04-01 00:21:21 -0500"
    },
    "done": true
  },
  "minecraft:adventure/adventuring_time": {
    "criteria": {
      "minecraft:savanna_plateau": "2024-04-01 00:21:22 -0500"
    },
    "done": false
  },
  "DataVersion": 3120
}